timestamp, trial, HMD_x, HMD_y,HMD_z

# --- Trial 1 start ---
663.918,1,-39.5603,1.7153,-1.0813
664.083,1,-39.5616,1.7150,-1.0787
664.128,1,-39.5619,1.7147,-1.0779
664.151,1,-39.5619,1.7144,-1.0776
664.172,1,-39.5619,1.7142,-1.0773
664.196,1,-39.5617,1.7140,-1.0771
664.218,1,-39.5617,1.7137,-1.0769
664.240,1,-39.5613,1.7133,-1.0768
664.264,1,-39.5612,1.7128,-1.0766
664.287,1,-39.5608,1.7124,-1.0764
664.310,1,-39.5603,1.7120,-1.0764
664.332,1,-39.5598,1.7117,-1.0761
664.354,1,-39.5589,1.7115,-1.0758
664.375,1,-39.5579,1.7113,-1.0754
664.397,1,-39.5564,1.7108,-1.0749
664.420,1,-39.5544,1.7104,-1.0744
664.444,1,-39.5510,1.7098,-1.0739
664.465,1,-39.5489,1.7095,-1.0739
664.486,1,-39.5456,1.7084,-1.0738
664.508,1,-39.5423,1.7064,-1.0738
664.530,1,-39.5391,1.7040,-1.0741
664.551,1,-39.5358,1.7027,-1.0747
664.575,1,-39.5325,1.7020,-1.0755
664.598,1,-39.5274,1.7009,-1.0775
664.620,1,-39.5244,1.7005,-1.0793
664.642,1,-39.5230,1.7001,-1.0805
664.664,1,-39.5199,1.6994,-1.0828
664.686,1,-39.5160,1.6986,-1.0853
664.707,1,-39.5119,1.6975,-1.0883
664.730,1,-39.5080,1.6955,-1.0916
664.751,1,-39.5050,1.6925,-1.0948
664.773,1,-39.5033,1.6885,-1.0976
664.795,1,-39.5028,1.6844,-1.1005
664.815,1,-39.4971,1.6918,-1.1038
664.838,1,-39.4921,1.6970,-1.1077
664.859,1,-39.4889,1.6954,-1.1108
664.881,1,-39.4874,1.6918,-1.1135
664.903,1,-39.4856,1.6905,-1.1162
664.925,1,-39.4825,1.6906,-1.1184
664.949,1,-39.4767,1.6889,-1.1218
664.972,1,-39.4705,1.6882,-1.1243
664.995,1,-39.4665,1.6881,-1.1254
665.019,1,-39.4567,1.6860,-1.1290
665.043,1,-39.4498,1.6826,-1.1310
665.067,1,-39.4426,1.6793,-1.1329
665.090,1,-39.4272,1.6731,-1.1364
665.116,1,-39.4177,1.6694,-1.1375
665.139,1,-39.4082,1.6649,-1.1388
665.162,1,-39.3987,1.6605,-1.1401
665.187,1,-39.3837,1.6532,-1.1418
665.211,1,-39.3773,1.6501,-1.1423
665.236,1,-39.3546,1.6392,-1.1449
665.259,1,-39.3424,1.6320,-1.1452
665.283,1,-39.3293,1.6240,-1.1454
665.306,1,-39.3160,1.6169,-1.1455
665.329,1,-39.3020,1.6119,-1.1452
665.352,1,-39.2850,1.6081,-1.1447
665.378,1,-39.2666,1.6045,-1.1437
665.401,1,-39.2495,1.6013,-1.1421
665.424,1,-39.2318,1.5988,-1.1399
665.447,1,-39.2048,1.5953,-1.1366
665.470,1,-39.1957,1.5956,-1.1350
665.492,1,-39.1785,1.5955,-1.1326
665.515,1,-39.1434,1.5956,-1.1280
665.541,1,-39.1238,1.6009,-1.1263
665.567,1,-39.1040,1.6058,-1.1254
665.590,1,-39.0870,1.6094,-1.1251
665.614,1,-39.0717,1.6131,-1.1251
665.637,1,-39.0562,1.6177,-1.1262
665.661,1,-39.0398,1.6231,-1.1282
665.684,1,-39.0309,1.6264,-1.1306
665.705,1,-39.0221,1.6286,-1.1325
665.727,1,-38.9892,1.6365,-1.1378
665.749,1,-38.9824,1.6370,-1.1397
665.770,1,-38.9675,1.6385,-1.1427
665.792,1,-38.9523,1.6391,-1.1460
665.814,1,-38.9368,1.6389,-1.1496
665.835,1,-38.9212,1.6382,-1.1532
665.858,1,-38.9047,1.6370,-1.1573
665.880,1,-38.8870,1.6358,-1.1614
665.902,1,-38.8686,1.6342,-1.1653
665.924,1,-38.8499,1.6328,-1.1692
665.945,1,-38.8312,1.6317,-1.1729
665.967,1,-38.8122,1.6306,-1.1763
665.989,1,-38.7939,1.6304,-1.1793
666.010,1,-38.7741,1.6311,-1.1823
666.033,1,-38.7542,1.6336,-1.1858
666.054,1,-38.7339,1.6364,-1.1893
666.076,1,-38.7134,1.6391,-1.1928
666.100,1,-38.6834,1.6444,-1.1985
666.122,1,-38.6631,1.6507,-1.2025
666.145,1,-38.6530,1.6551,-1.2046
666.167,1,-38.6331,1.6605,-1.2084
666.190,1,-38.6150,1.6647,-1.2113
666.213,1,-38.5872,1.6712,-1.2157
666.236,1,-38.5687,1.6763,-1.2182
666.259,1,-38.5591,1.6792,-1.2194
666.283,1,-38.5297,1.6868,-1.2238
666.305,1,-38.5087,1.6913,-1.2263
666.329,1,-38.4776,1.6954,-1.2299
666.353,1,-38.4568,1.6956,-1.2322
666.375,1,-38.4360,1.6938,-1.2342
666.398,1,-38.4250,1.6906,-1.2348
666.420,1,-38.3912,1.6869,-1.2381
666.442,1,-38.3680,1.6816,-1.2398
666.464,1,-38.3556,1.6773,-1.2403
666.487,1,-38.3193,1.6689,-1.2425
666.509,1,-38.3061,1.6652,-1.2425
666.532,1,-38.2936,1.6616,-1.2422
666.555,1,-38.2565,1.6537,-1.2427
666.577,1,-38.2310,1.6504,-1.2421
666.598,1,-38.2179,1.6505,-1.2411
666.622,1,-38.1786,1.6487,-1.2397
666.647,1,-38.1527,1.6499,-1.2383
666.670,1,-38.1270,1.6543,-1.2369
666.695,1,-38.1010,1.6602,-1.2360
666.717,1,-38.0762,1.6647,-1.2357
666.742,1,-38.0533,1.6667,-1.2367
666.766,1,-38.0192,1.6709,-1.2387
666.788,1,-37.9965,1.6768,-1.2415
666.810,1,-37.9858,1.6809,-1.2436
666.833,1,-37.9508,1.6895,-1.2484
666.857,1,-37.9276,1.6944,-1.2522
666.877,1,-37.9048,1.6980,-1.2563
666.899,1,-37.8817,1.6996,-1.2604
666.922,1,-37.8588,1.6996,-1.2646
666.942,1,-37.8471,1.6982,-1.2669
666.964,1,-37.8118,1.6961,-1.2737
666.985,1,-37.7877,1.6918,-1.2785
667.007,1,-37.7633,1.6865,-1.2835
667.028,1,-37.7508,1.6823,-1.2864
667.049,1,-37.7261,1.6759,-1.2924
667.072,1,-37.7016,1.6698,-1.2986
667.094,1,-37.6766,1.6645,-1.3055
667.117,1,-37.6514,1.6608,-1.3128
667.145,1,-37.6130,1.6572,-1.3246
667.167,1,-37.5877,1.6556,-1.3327
667.190,1,-37.5624,1.6554,-1.3408
667.210,1,-37.5369,1.6585,-1.3489
667.232,1,-37.5114,1.6634,-1.3561
667.255,1,-37.4869,1.6660,-1.3625
667.278,1,-37.4636,1.6678,-1.3676
667.303,1,-37.4406,1.6721,-1.3718
667.325,1,-37.4170,1.6786,-1.3756
667.348,1,-37.3929,1.6866,-1.3785
667.370,1,-37.3692,1.6939,-1.3811
667.392,1,-37.3453,1.7003,-1.3831
667.414,1,-37.3212,1.7049,-1.3850
667.438,1,-37.2974,1.7069,-1.3863
667.462,1,-37.2734,1.7066,-1.3878
667.485,1,-37.2372,1.7042,-1.3899
667.506,1,-37.2245,1.7004,-1.3903
667.528,1,-37.1992,1.6951,-1.3912
667.554,1,-37.1612,1.6850,-1.3921
667.575,1,-37.1351,1.6770,-1.3923
667.598,1,-37.1087,1.6695,-1.3923
667.620,1,-37.0820,1.6627,-1.3917
667.642,1,-37.0546,1.6577,-1.3908
667.664,1,-37.0403,1.6575,-1.3900
667.686,1,-36.9990,1.6539,-1.3884
667.709,1,-36.9862,1.6545,-1.3874
667.732,1,-36.9472,1.6544,-1.3861
667.754,1,-36.9345,1.6593,-1.3860
667.777,1,-36.8961,1.6664,-1.3861
667.800,1,-36.8852,1.6686,-1.3873
667.824,1,-36.8634,1.6715,-1.3891
667.847,1,-36.8300,1.6791,-1.3924
667.869,1,-36.8091,1.6856,-1.3956
667.893,1,-36.7895,1.6914,-1.3996
667.915,1,-36.7706,1.6973,-1.4046
667.937,1,-36.7521,1.7023,-1.4095
667.958,1,-36.7343,1.7055,-1.4146
667.979,1,-36.7161,1.7080,-1.4204
668.000,1,-36.6979,1.7100,-1.4264
668.023,1,-36.6795,1.7101,-1.4328
668.045,1,-36.6520,1.7096,-1.4427
668.068,1,-36.6339,1.7059,-1.4498
668.091,1,-36.6159,1.7014,-1.4568
668.111,1,-36.5972,1.6959,-1.4645
668.132,1,-36.5879,1.6929,-1.4686
668.154,1,-36.5683,1.6878,-1.4770
668.175,1,-36.5389,1.6804,-1.4902
668.196,1,-36.5288,1.6783,-1.4953
668.219,1,-36.5082,1.6742,-1.5055
668.241,1,-36.4773,1.6680,-1.5208
668.264,1,-36.4565,1.6636,-1.5317
668.285,1,-36.4460,1.6631,-1.5373
668.307,1,-36.4246,1.6631,-1.5483
668.329,1,-36.4031,1.6628,-1.5587
668.351,1,-36.3819,1.6630,-1.5676
668.373,1,-36.3612,1.6633,-1.5755
668.398,1,-36.3308,1.6652,-1.5858
668.420,1,-36.3108,1.6682,-1.5910
668.441,1,-36.2908,1.6718,-1.5956
668.463,1,-36.2707,1.6755,-1.5995
668.485,1,-36.2512,1.6787,-1.6021
668.507,1,-36.2122,1.6844,-1.6069
668.530,1,-36.1924,1.6867,-1.6076
668.553,1,-36.1718,1.6881,-1.6076
668.576,1,-36.1511,1.6884,-1.6068
668.599,1,-36.1304,1.6878,-1.6057
668.622,1,-36.1096,1.6858,-1.6036
668.645,1,-36.0888,1.6824,-1.6010
668.669,1,-36.0681,1.6789,-1.5975
668.692,1,-36.0479,1.6752,-1.5937
668.714,1,-36.0278,1.6719,-1.5890
668.737,1,-36.0077,1.6697,-1.5837
668.760,1,-35.9877,1.6678,-1.5781
668.784,1,-35.9687,1.6655,-1.5721
668.809,1,-35.9506,1.6643,-1.5660
668.832,1,-35.9320,1.6666,-1.5609
668.856,1,-35.9115,1.6724,-1.5561
668.884,1,-35.8938,1.6742,-1.5510
668.908,1,-35.8612,1.6755,-1.5412
668.932,1,-35.8473,1.6788,-1.5377
668.959,1,-35.8332,1.6839,-1.5347
668.984,1,-35.8189,1.6887,-1.5320
669.008,1,-35.8110,1.6919,-1.5309
669.030,1,-35.7958,1.6955,-1.5279
669.055,1,-35.7736,1.6999,-1.5232
669.076,1,-35.7672,1.7006,-1.5222
669.099,1,-35.7460,1.7032,-1.5181
669.123,1,-35.7319,1.7034,-1.5158
669.145,1,-35.7249,1.7022,-1.5151
669.172,1,-35.7040,1.7004,-1.5124
669.196,1,-35.6902,1.6981,-1.5111
669.218,1,-35.6760,1.6956,-1.5098
669.241,1,-35.6537,1.6916,-1.5083
669.263,1,-35.6463,1.6897,-1.5085
669.287,1,-35.6237,1.6859,-1.5082
669.310,1,-35.6084,1.6828,-1.5091
669.334,1,-35.5934,1.6797,-1.5102
669.356,1,-35.5857,1.6784,-1.5114
669.381,1,-35.5624,1.6752,-1.5137
669.401,1,-35.5468,1.6733,-1.5162
669.422,1,-35.5311,1.6714,-1.5189
669.440,1,-35.5232,1.6706,-1.5208
669.461,1,-35.5077,1.6692,-1.5238
669.483,1,-35.4923,1.6699,-1.5275
669.505,1,-35.4769,1.6714,-1.5307
669.526,1,-35.4609,1.6748,-1.5335
669.547,1,-35.4447,1.6790,-1.5359
669.568,1,-35.4290,1.6821,-1.5380
669.589,1,-35.4148,1.6838,-1.5396
669.610,1,-35.4018,1.6852,-1.5411
669.630,1,-35.3962,1.6859,-1.5413
669.650,1,-35.3836,1.6887,-1.5417
669.671,1,-35.3705,1.6929,-1.5419
669.695,1,-35.3581,1.6967,-1.5415
669.716,1,-35.3465,1.6994,-1.5416
669.738,1,-35.3357,1.7018,-1.5408
669.760,1,-35.3251,1.7039,-1.5396
669.781,1,-35.3149,1.7055,-1.5383
669.803,1,-35.3051,1.7068,-1.5377
669.828,1,-35.2961,1.7072,-1.5365
669.848,1,-35.2878,1.7064,-1.5357
669.871,1,-35.2808,1.7048,-1.5346
669.891,1,-35.2748,1.7028,-1.5343
669.912,1,-35.2699,1.7007,-1.5339
669.934,1,-35.2688,1.6996,-1.5337
669.956,1,-35.2620,1.6990,-1.5327
669.979,1,-35.2587,1.7000,-1.5322
670.000,1,-35.2557,1.7009,-1.5318
670.021,1,-35.2532,1.7018,-1.5315
670.043,1,-35.2508,1.7032,-1.5313
670.064,1,-35.2486,1.7044,-1.5311
670.086,1,-35.2463,1.7051,-1.5310
670.108,1,-35.2442,1.7056,-1.5311
670.129,1,-35.2423,1.7055,-1.5312
670.151,1,-35.2406,1.7052,-1.5313
670.172,1,-35.2388,1.7049,-1.5314
670.193,1,-35.2375,1.7045,-1.5317
670.214,1,-35.2361,1.7038,-1.5318
670.233,1,-35.2357,1.7035,-1.5323
670.253,1,-35.2345,1.7032,-1.5326
670.274,1,-35.2334,1.7032,-1.5328
670.296,1,-35.2322,1.7035,-1.5329
670.317,1,-35.2310,1.7041,-1.5330
670.338,1,-35.2296,1.7046,-1.5332
670.357,1,-35.2282,1.7050,-1.5333
670.377,1,-35.2271,1.7052,-1.5334
670.396,1,-35.2261,1.7051,-1.5335
670.416,1,-35.2257,1.7047,-1.5338

# --- Trial 2 start ---
680.566,2,-39.4876,1.7265,-1.0128
680.707,2,-39.4849,1.7260,-1.0025
680.751,2,-39.4839,1.7257,-0.9982
680.773,2,-39.4835,1.7255,-0.9965
680.798,2,-39.4831,1.7253,-0.9951
680.821,2,-39.4825,1.7248,-0.9929
680.846,2,-39.4820,1.7247,-0.9915
680.869,2,-39.4815,1.7246,-0.9902
680.892,2,-39.4807,1.7245,-0.9889
680.914,2,-39.4798,1.7247,-0.9875
680.936,2,-39.4785,1.7249,-0.9864
680.959,2,-39.4767,1.7247,-0.9856
680.982,2,-39.4742,1.7242,-0.9852
681.003,2,-39.4723,1.7242,-0.9853
681.027,2,-39.4672,1.7244,-0.9857
681.050,2,-39.4632,1.7237,-0.9865
681.074,2,-39.4588,1.7223,-0.9879
681.096,2,-39.4543,1.7205,-0.9894
681.118,2,-39.4498,1.7178,-0.9913
681.141,2,-39.4433,1.7128,-0.9942
681.161,2,-39.4409,1.7107,-0.9956
681.184,2,-39.4356,1.7079,-0.9982
681.208,2,-39.4281,1.7043,-1.0023
681.231,2,-39.4233,1.7028,-1.0055
681.255,2,-39.4187,1.7022,-1.0087
681.276,2,-39.4144,1.7018,-1.0123
681.298,2,-39.4110,1.7009,-1.0162
681.321,2,-39.4046,1.7079,-1.0205
681.347,2,-39.3973,1.7149,-1.0254
681.372,2,-39.3894,1.7146,-1.0324
681.395,2,-39.3856,1.7108,-1.0364
681.417,2,-39.3807,1.7092,-1.0405
681.439,2,-39.3738,1.7086,-1.0447
681.463,2,-39.3658,1.7075,-1.0487
681.485,2,-39.3575,1.7064,-1.0529
681.506,2,-39.3494,1.7053,-1.0567
681.529,2,-39.3411,1.7037,-1.0600
681.551,2,-39.3319,1.7025,-1.0633
681.573,2,-39.3224,1.7014,-1.0665
681.595,2,-39.3123,1.6998,-1.0696
681.617,2,-39.3017,1.6976,-1.0728
681.639,2,-39.2903,1.6946,-1.0766
681.662,2,-39.2787,1.6915,-1.0811
681.683,2,-39.2672,1.6880,-1.0861
681.704,2,-39.2560,1.6837,-1.0919
681.726,2,-39.2448,1.6791,-1.0981
681.749,2,-39.2289,1.6724,-1.1070
681.771,2,-39.2185,1.6685,-1.1119
681.792,2,-39.2086,1.6657,-1.1160
681.815,2,-39.1984,1.6645,-1.1197
681.835,2,-39.1885,1.6636,-1.1226
681.857,2,-39.1790,1.6627,-1.1240
681.878,2,-39.1693,1.6617,-1.1239
681.898,2,-39.1645,1.6631,-1.1222
681.920,2,-39.1541,1.6648,-1.1208
681.941,2,-39.1431,1.6662,-1.1183
681.961,2,-39.1310,1.6679,-1.1158
681.982,2,-39.1178,1.6700,-1.1127
682.004,2,-39.1040,1.6722,-1.1096
682.026,2,-39.0895,1.6751,-1.1072
682.046,2,-39.0745,1.6787,-1.1056
682.067,2,-39.0593,1.6823,-1.1046
682.089,2,-39.0516,1.6841,-1.1040
682.110,2,-39.0357,1.6882,-1.1040
682.132,2,-39.0195,1.6909,-1.1034
682.155,2,-39.0031,1.6926,-1.1032
682.175,2,-38.9866,1.6937,-1.1030
682.197,2,-38.9700,1.6940,-1.1034
682.219,2,-38.9530,1.6934,-1.1044
682.241,2,-38.9363,1.6915,-1.1056
682.260,2,-38.9198,1.6889,-1.1070
682.282,2,-38.9033,1.6850,-1.1086
682.302,2,-38.8860,1.6798,-1.1105
682.326,2,-38.8680,1.6743,-1.1127
682.348,2,-38.8490,1.6690,-1.1154
682.370,2,-38.8289,1.6644,-1.1186
682.391,2,-38.8072,1.6603,-1.1221
682.412,2,-38.7939,1.6592,-1.1249
682.434,2,-38.7690,1.6575,-1.1298
682.455,2,-38.7429,1.6573,-1.1349
682.476,2,-38.7146,1.6591,-1.1398
682.498,2,-38.6849,1.6627,-1.1441
682.518,2,-38.6545,1.6673,-1.1476
682.540,2,-38.6233,1.6728,-1.1493
682.559,2,-38.5928,1.6776,-1.1492
682.581,2,-38.5632,1.6821,-1.1462
682.602,2,-38.5341,1.6874,-1.1433
682.624,2,-38.5072,1.6931,-1.1389
682.647,2,-38.4820,1.6981,-1.1351
682.670,2,-38.4577,1.7022,-1.1320
682.690,2,-38.4337,1.7052,-1.1298
682.712,2,-38.4235,1.7053,-1.1298
682.733,2,-38.3999,1.7050,-1.1289
682.758,2,-38.3642,1.7028,-1.1284
682.781,2,-38.3409,1.6998,-1.1293
682.804,2,-38.3172,1.6953,-1.1310
682.826,2,-38.2928,1.6901,-1.1325
682.848,2,-38.2684,1.6844,-1.1338
682.869,2,-38.2568,1.6809,-1.1343
682.891,2,-38.2324,1.6750,-1.1352
682.912,2,-38.2077,1.6693,-1.1359
682.934,2,-38.1822,1.6645,-1.1364
682.956,2,-38.1561,1.6614,-1.1365
682.978,2,-38.1300,1.6591,-1.1362
682.999,2,-38.1037,1.6583,-1.1357
683.020,2,-38.0780,1.6585,-1.1348
683.043,2,-38.0522,1.6601,-1.1333
683.064,2,-38.0264,1.6645,-1.1324
683.086,2,-38.0014,1.6697,-1.1320
683.108,2,-37.9775,1.6732,-1.1321
683.132,2,-37.9557,1.6757,-1.1328
683.153,2,-37.9333,1.6801,-1.1341
683.175,2,-37.9109,1.6861,-1.1358
683.196,2,-37.8880,1.6923,-1.1377
683.217,2,-37.8652,1.6984,-1.1399
683.238,2,-37.8419,1.7041,-1.1426
683.260,2,-37.8180,1.7082,-1.1455
683.281,2,-37.8060,1.7083,-1.1472
683.303,2,-37.7698,1.7109,-1.1518
683.324,2,-37.7454,1.7095,-1.1551
683.345,2,-37.7321,1.7064,-1.1571
683.372,2,-37.6942,1.6998,-1.1624
683.393,2,-37.6684,1.6936,-1.1662
683.416,2,-37.6555,1.6888,-1.1684
683.439,2,-37.6165,1.6784,-1.1749
683.462,2,-37.5905,1.6717,-1.1798
683.484,2,-37.5639,1.6663,-1.1854
683.504,2,-37.5369,1.6622,-1.1913
683.524,2,-37.5227,1.6616,-1.1950
683.546,2,-37.4952,1.6598,-1.2019
683.571,2,-37.4538,1.6579,-1.2126
683.595,2,-37.4257,1.6600,-1.2199
683.616,2,-37.3976,1.6642,-1.2267
683.637,2,-37.3705,1.6681,-1.2329
683.657,2,-37.3582,1.6699,-1.2348
683.678,2,-37.3336,1.6724,-1.2389
683.700,2,-37.3084,1.6770,-1.2424
683.722,2,-37.2833,1.6840,-1.2454
683.746,2,-37.2453,1.6948,-1.2495
683.767,2,-37.2327,1.6984,-1.2500
683.788,2,-37.2071,1.7043,-1.2519
683.809,2,-37.1822,1.7084,-1.2535
683.830,2,-37.1570,1.7106,-1.2549
683.852,2,-37.1318,1.7106,-1.2562
683.872,2,-37.1069,1.7090,-1.2576
683.893,2,-37.0822,1.7059,-1.2592
683.914,2,-37.0582,1.7016,-1.2611
683.936,2,-37.0343,1.6961,-1.2627
683.957,2,-36.9867,1.6857,-1.2654
683.979,2,-36.9640,1.6791,-1.2665
683.999,2,-36.9413,1.6732,-1.2678
684.019,2,-36.9188,1.6676,-1.2692
684.044,2,-36.8991,1.6627,-1.2712
684.066,2,-36.8799,1.6588,-1.2739
684.089,2,-36.8594,1.6628,-1.2778
684.112,2,-36.8406,1.6685,-1.2832
684.137,2,-36.8248,1.6703,-1.2889
684.161,2,-36.8089,1.6782,-1.2955
684.184,2,-36.7921,1.6880,-1.3032
684.206,2,-36.7765,1.6964,-1.3113
684.229,2,-36.7612,1.7040,-1.3194
684.252,2,-36.7455,1.7096,-1.3277
684.274,2,-36.7304,1.7120,-1.3364
684.296,2,-36.7152,1.7132,-1.3449
684.317,2,-36.6998,1.7133,-1.3539
684.339,2,-36.6844,1.7112,-1.3632
684.361,2,-36.6686,1.7081,-1.3728
684.385,2,-36.6526,1.7045,-1.3826
684.407,2,-36.6367,1.7000,-1.3924
684.430,2,-36.6217,1.6944,-1.4022
684.454,2,-36.6145,1.6911,-1.4075
684.476,2,-36.6070,1.6886,-1.4130
684.496,2,-36.5919,1.6839,-1.4234
684.520,2,-36.5709,1.6771,-1.4386
684.542,2,-36.5640,1.6780,-1.4446
684.563,2,-36.5489,1.6804,-1.4555
684.584,2,-36.5352,1.6802,-1.4648
684.606,2,-36.5226,1.6798,-1.4733
684.626,2,-36.5097,1.6825,-1.4815
684.645,2,-36.4968,1.6857,-1.4893
684.666,2,-36.4846,1.6892,-1.4957
684.688,2,-36.4784,1.6927,-1.4981
684.710,2,-36.4591,1.6984,-1.5076
684.731,2,-36.4454,1.7007,-1.5135
684.753,2,-36.4384,1.7005,-1.5156
684.774,2,-36.4252,1.7013,-1.5209
684.795,2,-36.4122,1.7003,-1.5258
684.817,2,-36.3989,1.6985,-1.5303
684.838,2,-36.3857,1.6965,-1.5344
684.858,2,-36.3725,1.6943,-1.5380
684.879,2,-36.3594,1.6921,-1.5412
684.898,2,-36.3527,1.6915,-1.5423
684.918,2,-36.3389,1.6909,-1.5448
684.942,2,-36.3179,1.6896,-1.5484
684.962,2,-36.3108,1.6894,-1.5485
684.983,2,-36.2966,1.6892,-1.5498
685.004,2,-36.2820,1.6891,-1.5504
685.024,2,-36.2668,1.6887,-1.5508
685.044,2,-36.2587,1.6884,-1.5506
685.065,2,-36.2435,1.6875,-1.5504
685.086,2,-36.2279,1.6859,-1.5496
685.106,2,-36.2127,1.6840,-1.5482
685.129,2,-36.1979,1.6819,-1.5462
685.150,2,-36.1833,1.6798,-1.5436
685.173,2,-36.1691,1.6784,-1.5407
685.194,2,-36.1544,1.6788,-1.5377
685.216,2,-36.1403,1.6800,-1.5348
685.236,2,-36.1269,1.6803,-1.5318
685.257,2,-36.1210,1.6813,-1.5305
685.278,2,-36.1081,1.6832,-1.5281
685.298,2,-36.0946,1.6859,-1.5260
685.320,2,-36.0814,1.6894,-1.5242
685.342,2,-36.0683,1.6923,-1.5228
685.364,2,-36.0551,1.6952,-1.5217
685.387,2,-36.0486,1.6962,-1.5216
685.409,2,-36.0288,1.6989,-1.5200
685.429,2,-36.0221,1.6989,-1.5197
685.450,2,-36.0087,1.6993,-1.5189
685.470,2,-35.9949,1.6991,-1.5184
685.489,2,-35.9879,1.6986,-1.5183
685.510,2,-35.9737,1.6977,-1.5180
685.531,2,-35.9590,1.6961,-1.5181
685.552,2,-35.9442,1.6946,-1.5185
685.572,2,-35.9290,1.6928,-1.5193
685.592,2,-35.9135,1.6903,-1.5206
685.612,2,-35.8980,1.6873,-1.5223
685.632,2,-35.8899,1.6854,-1.5236
685.654,2,-35.8659,1.6815,-1.5273
685.676,2,-35.8494,1.6797,-1.5306
685.696,2,-35.8325,1.6782,-1.5341
685.716,2,-35.8238,1.6778,-1.5363
685.737,2,-35.8071,1.6764,-1.5402
685.757,2,-35.7904,1.6759,-1.5442
685.778,2,-35.7820,1.6776,-1.5464
685.797,2,-35.7653,1.6792,-1.5502
685.818,2,-35.7487,1.6816,-1.5535
685.839,2,-35.7325,1.6842,-1.5568
685.859,2,-35.7171,1.6854,-1.5597
685.879,2,-35.7020,1.6863,-1.5622
685.899,2,-35.6951,1.6870,-1.5628
685.919,2,-35.6801,1.6889,-1.5645
685.940,2,-35.6648,1.6911,-1.5657
685.961,2,-35.6500,1.6934,-1.5665
685.982,2,-35.6352,1.6957,-1.5670
686.001,2,-35.6205,1.6978,-1.5672
686.021,2,-35.6135,1.6984,-1.5668
686.042,2,-35.5916,1.7004,-1.5665
686.063,2,-35.5842,1.7004,-1.5659
686.083,2,-35.5696,1.7006,-1.5653
686.104,2,-35.5548,1.7002,-1.5643
686.123,2,-35.5401,1.6992,-1.5631
686.144,2,-35.5251,1.6975,-1.5617
686.164,2,-35.5176,1.6962,-1.5607
686.185,2,-35.5027,1.6940,-1.5588
686.203,2,-35.4881,1.6913,-1.5567
686.223,2,-35.4741,1.6884,-1.5543
686.243,2,-35.4603,1.6857,-1.5517
686.263,2,-35.4540,1.6844,-1.5500
686.284,2,-35.4405,1.6824,-1.5468
686.306,2,-35.4270,1.6805,-1.5434
686.328,2,-35.4136,1.6792,-1.5395
686.348,2,-35.3998,1.6784,-1.5356
686.369,2,-35.3793,1.6773,-1.5300
686.390,2,-35.3653,1.6789,-1.5265
686.410,2,-35.3511,1.6826,-1.5231
686.430,2,-35.3381,1.6847,-1.5201
686.451,2,-35.3268,1.6858,-1.5179
686.474,2,-35.3162,1.6877,-1.5160
686.495,2,-35.3057,1.6893,-1.5145
686.515,2,-35.2952,1.6915,-1.5133
686.539,2,-35.2847,1.6949,-1.5128
686.559,2,-35.2747,1.6979,-1.5123
686.579,2,-35.2665,1.6996,-1.5127
686.598,2,-35.2587,1.7011,-1.5126
686.619,2,-35.2518,1.7028,-1.5126
686.642,2,-35.2455,1.7049,-1.5128
686.665,2,-35.2396,1.7066,-1.5136
686.687,2,-35.2346,1.7078,-1.5139
686.709,2,-35.2299,1.7080,-1.5139
686.732,2,-35.2265,1.7073,-1.5143
686.755,2,-35.2236,1.7061,-1.5146
686.777,2,-35.2212,1.7051,-1.5151
686.800,2,-35.2189,1.7056,-1.5158
686.822,2,-35.2165,1.7063,-1.5165
686.846,2,-35.2145,1.7066,-1.5170
686.867,2,-35.2144,1.7066,-1.5174
686.887,2,-35.2141,1.7061,-1.5178
686.910,2,-35.2124,1.7065,-1.5184
686.934,2,-35.2094,1.7076,-1.5191
686.957,2,-35.2074,1.7077,-1.5196
686.982,2,-35.2056,1.7076,-1.5199
687.005,2,-35.2037,1.7078,-1.5202
687.027,2,-35.2017,1.7081,-1.5205
687.049,2,-35.1996,1.7087,-1.5206
687.073,2,-35.1975,1.7091,-1.5205
687.098,2,-35.1944,1.7092,-1.5202
687.141,2,-35.1933,1.7085,-1.5202
687.160,2,-35.1909,1.7081,-1.5201

# --- Trial 3 start ---
698.102,3,-39.4636,1.7327,-1.1573
698.244,3,-39.4607,1.7323,-1.1548
698.287,3,-39.4593,1.7317,-1.1537
698.313,3,-39.4590,1.7314,-1.1534
698.335,3,-39.4586,1.7310,-1.1532
698.357,3,-39.4584,1.7309,-1.1530
698.383,3,-39.4581,1.7308,-1.1528
698.406,3,-39.4580,1.7308,-1.1528
698.428,3,-39.4576,1.7306,-1.1526
698.451,3,-39.4573,1.7305,-1.1526
698.475,3,-39.4569,1.7304,-1.1525
698.496,3,-39.4565,1.7303,-1.1525
698.518,3,-39.4558,1.7302,-1.1526
698.542,3,-39.4544,1.7298,-1.1526
698.565,3,-39.4529,1.7298,-1.1528
698.587,3,-39.4507,1.7301,-1.1531
698.609,3,-39.4475,1.7304,-1.1534
698.631,3,-39.4438,1.7299,-1.1539
698.654,3,-39.4394,1.7274,-1.1547
698.676,3,-39.4352,1.7237,-1.1558
698.700,3,-39.4305,1.7196,-1.1572
698.722,3,-39.4256,1.7170,-1.1593
698.746,3,-39.4181,1.7144,-1.1628
698.769,3,-39.4136,1.7128,-1.1658
698.791,3,-39.4096,1.7120,-1.1694
698.813,3,-39.4066,1.7116,-1.1731
698.834,3,-39.4063,1.7107,-1.1753
698.857,3,-39.4039,1.7075,-1.1807
698.880,3,-39.4029,1.7043,-1.1844
698.902,3,-39.3997,1.7059,-1.1883
698.925,3,-39.3922,1.7173,-1.1925
698.947,3,-39.3877,1.7175,-1.1963
698.970,3,-39.3851,1.7118,-1.1988
698.993,3,-39.3827,1.7093,-1.2009
699.015,3,-39.3780,1.7120,-1.2031
699.037,3,-39.3747,1.7122,-1.2042
699.063,3,-39.3668,1.7108,-1.2073
699.086,3,-39.3607,1.7106,-1.2093
699.109,3,-39.3544,1.7099,-1.2107
699.131,3,-39.3481,1.7078,-1.2118
699.153,3,-39.3412,1.7061,-1.2126
699.175,3,-39.3333,1.7051,-1.2135
699.198,3,-39.3243,1.7038,-1.2139
699.221,3,-39.3145,1.7020,-1.2144
699.242,3,-39.3045,1.6999,-1.2152
699.265,3,-39.2943,1.6973,-1.2156
699.287,3,-39.2836,1.6939,-1.2155
699.308,3,-39.2722,1.6908,-1.2151
699.331,3,-39.2604,1.6879,-1.2143
699.352,3,-39.2483,1.6849,-1.2123
699.375,3,-39.2354,1.6818,-1.2097
699.398,3,-39.2221,1.6794,-1.2069
699.421,3,-39.2082,1.6769,-1.2032
699.445,3,-39.1940,1.6746,-1.1989
699.467,3,-39.1789,1.6724,-1.1939
699.488,3,-39.1639,1.6708,-1.1890
699.512,3,-39.1419,1.6682,-1.1810
699.535,3,-39.1274,1.6684,-1.1756
699.562,3,-39.1125,1.6723,-1.1721
699.588,3,-39.0908,1.6770,-1.1679
699.610,3,-39.0794,1.6799,-1.1680
699.632,3,-39.0691,1.6819,-1.1679
699.655,3,-39.0604,1.6840,-1.1684
699.678,3,-39.0519,1.6870,-1.1697
699.700,3,-39.0447,1.6899,-1.1714
699.721,3,-39.0380,1.6929,-1.1737
699.746,3,-39.0327,1.6951,-1.1760
699.768,3,-39.0283,1.6965,-1.1776
699.791,3,-39.0235,1.6974,-1.1794
699.811,3,-39.0183,1.6977,-1.1812
699.832,3,-39.0134,1.6972,-1.1827
699.855,3,-39.0084,1.6963,-1.1838
699.876,3,-39.0028,1.6948,-1.1849
699.897,3,-38.9959,1.6934,-1.1867
699.917,3,-38.9876,1.6914,-1.1888
699.939,3,-38.9781,1.6893,-1.1911
699.961,3,-38.9666,1.6872,-1.1945
699.983,3,-38.9537,1.6848,-1.1991
700.007,3,-38.9393,1.6825,-1.2052
700.030,3,-38.9236,1.6804,-1.2118
700.052,3,-38.9062,1.6784,-1.2195
700.074,3,-38.8875,1.6767,-1.2277
700.096,3,-38.8677,1.6755,-1.2363
700.118,3,-38.8463,1.6757,-1.2453
700.138,3,-38.8241,1.6776,-1.2539
700.159,3,-38.8113,1.6802,-1.2570
700.181,3,-38.7879,1.6827,-1.2627
700.202,3,-38.7643,1.6846,-1.2667
700.223,3,-38.7411,1.6863,-1.2683
700.244,3,-38.7188,1.6884,-1.2678
700.265,3,-38.6973,1.6909,-1.2666
700.287,3,-38.6772,1.6937,-1.2640
700.308,3,-38.6588,1.6972,-1.2613
700.329,3,-38.6413,1.7002,-1.2589
700.352,3,-38.6253,1.7018,-1.2568
700.372,3,-38.6095,1.7030,-1.2556
700.396,3,-38.5943,1.7040,-1.2558
700.417,3,-38.5790,1.7040,-1.2564
700.438,3,-38.5639,1.7033,-1.2580
700.462,3,-38.5489,1.7026,-1.2600
700.485,3,-38.5334,1.7017,-1.2622
700.509,3,-38.5180,1.7011,-1.2644
700.533,3,-38.5032,1.7000,-1.2665
700.554,3,-38.4889,1.6984,-1.2682
700.576,3,-38.4746,1.6964,-1.2700
700.598,3,-38.4611,1.6938,-1.2716
700.620,3,-38.4484,1.6914,-1.2734
700.646,3,-38.4358,1.6912,-1.2756
700.670,3,-38.4229,1.6912,-1.2782
700.692,3,-38.4038,1.6911,-1.2825
700.713,3,-38.3978,1.6924,-1.2846
700.735,3,-38.3725,1.6960,-1.2921
700.759,3,-38.3590,1.7004,-1.2972
700.781,3,-38.3451,1.7040,-1.3024
700.804,3,-38.3312,1.7066,-1.3079
700.827,3,-38.3170,1.7079,-1.3140
700.849,3,-38.3023,1.7076,-1.3203
700.872,3,-38.2872,1.7061,-1.3270
700.895,3,-38.2715,1.7034,-1.3342
700.916,3,-38.2555,1.7001,-1.3416
700.938,3,-38.2393,1.6962,-1.3494
700.962,3,-38.2228,1.6920,-1.3579
700.985,3,-38.2059,1.6879,-1.3671
701.009,3,-38.1892,1.6848,-1.3766
701.031,3,-38.1726,1.6822,-1.3864
701.052,3,-38.1398,1.6774,-1.4061
701.074,3,-38.1242,1.6757,-1.4164
701.104,3,-38.1088,1.6780,-1.4264
701.127,3,-38.0913,1.6844,-1.4364
701.149,3,-38.0745,1.6873,-1.4455
701.171,3,-38.0585,1.6877,-1.4532
701.194,3,-38.0425,1.6892,-1.4601
701.216,3,-38.0251,1.6925,-1.4665
701.238,3,-38.0153,1.6944,-1.4686
701.260,3,-38.0050,1.6963,-1.4709
701.281,3,-37.9857,1.6982,-1.4764
701.303,3,-37.9661,1.6985,-1.4815
701.324,3,-37.9463,1.6975,-1.4861
701.347,3,-37.9157,1.6947,-1.4927
701.369,3,-37.9044,1.6920,-1.4942
701.389,3,-37.8824,1.6876,-1.4977
701.412,3,-37.8494,1.6807,-1.5027
701.437,3,-37.8255,1.6737,-1.5050
701.460,3,-37.8017,1.6673,-1.5073
701.485,3,-37.7777,1.6605,-1.5088
701.506,3,-37.7534,1.6550,-1.5099
701.529,3,-37.7283,1.6518,-1.5102
701.551,3,-37.7026,1.6515,-1.5099
701.575,3,-37.6775,1.6526,-1.5088
701.604,3,-37.6412,1.6556,-1.5072
701.626,3,-37.6301,1.6619,-1.5062
701.648,3,-37.5947,1.6712,-1.5050
701.670,3,-37.5726,1.6768,-1.5048
701.693,3,-37.5526,1.6800,-1.5051
701.714,3,-37.5433,1.6822,-1.5058
701.737,3,-37.5229,1.6880,-1.5066
701.764,3,-37.4913,1.6966,-1.5079
701.791,3,-37.4593,1.7052,-1.5092
701.813,3,-37.4377,1.7094,-1.5102
701.834,3,-37.4269,1.7098,-1.5107
701.857,3,-37.3946,1.7127,-1.5123
701.879,3,-37.3723,1.7113,-1.5134
701.900,3,-37.3607,1.7086,-1.5139
701.924,3,-37.3267,1.7038,-1.5156
701.947,3,-37.3032,1.6981,-1.5168
701.971,3,-37.2799,1.6907,-1.5185
701.993,3,-37.2680,1.6856,-1.5197
702.016,3,-37.2444,1.6786,-1.5220
702.038,3,-37.2319,1.6754,-1.5236
702.061,3,-37.2076,1.6706,-1.5268
702.082,3,-37.1702,1.6650,-1.5321
702.104,3,-37.1569,1.6649,-1.5348
702.125,3,-37.1317,1.6632,-1.5394
702.146,3,-37.1064,1.6630,-1.5443
702.169,3,-37.0804,1.6672,-1.5493
702.190,3,-37.0543,1.6725,-1.5535
702.211,3,-37.0292,1.6770,-1.5573
702.232,3,-37.0061,1.6796,-1.5602
702.255,3,-36.9844,1.6817,-1.5622
702.278,3,-36.9624,1.6858,-1.5632
702.299,3,-36.9398,1.6914,-1.5639
702.320,3,-36.9166,1.6974,-1.5641
702.344,3,-36.8933,1.7031,-1.5643
702.366,3,-36.8701,1.7076,-1.5641
702.387,3,-36.8472,1.7108,-1.5638
702.409,3,-36.8245,1.7124,-1.5632
702.431,3,-36.8015,1.7123,-1.5625
702.452,3,-36.7782,1.7108,-1.5617
702.473,3,-36.7545,1.7085,-1.5610
702.493,3,-36.7423,1.7056,-1.5603
702.515,3,-36.7185,1.7008,-1.5592
702.536,3,-36.6945,1.6949,-1.5579
702.558,3,-36.6701,1.6888,-1.5562
702.580,3,-36.6458,1.6825,-1.5542
702.601,3,-36.6212,1.6764,-1.5515
702.623,3,-36.5964,1.6720,-1.5481
702.644,3,-36.5712,1.6687,-1.5444
702.666,3,-36.5457,1.6666,-1.5404
702.688,3,-36.5208,1.6655,-1.5361
702.710,3,-36.4959,1.6672,-1.5315
702.732,3,-36.4711,1.6719,-1.5271
702.758,3,-36.4473,1.6764,-1.5235
702.780,3,-36.4130,1.6811,-1.5189
702.802,3,-36.4031,1.6823,-1.5184
702.823,3,-36.3708,1.6889,-1.5153
702.845,3,-36.3602,1.6928,-1.5151
702.866,3,-36.3388,1.6984,-1.5138
702.889,3,-36.3177,1.7043,-1.5128
702.911,3,-36.2967,1.7092,-1.5121
702.931,3,-36.2757,1.7129,-1.5116
702.952,3,-36.2652,1.7132,-1.5115
702.974,3,-36.2334,1.7155,-1.5106
702.994,3,-36.2122,1.7150,-1.5101
703.015,3,-36.2020,1.7132,-1.5100
703.038,3,-36.1803,1.7105,-1.5096
703.061,3,-36.1476,1.7058,-1.5088
703.085,3,-36.1255,1.7008,-1.5087
703.107,3,-36.1033,1.6951,-1.5091
703.129,3,-36.0806,1.6892,-1.5100
703.151,3,-36.0689,1.6864,-1.5108
703.172,3,-36.0458,1.6824,-1.5122
703.195,3,-36.0107,1.6776,-1.5149
703.219,3,-35.9990,1.6769,-1.5166
703.243,3,-35.9639,1.6729,-1.5204
703.266,3,-35.9409,1.6712,-1.5233
703.288,3,-35.9176,1.6732,-1.5261
703.310,3,-35.8951,1.6754,-1.5286
703.331,3,-35.8732,1.6770,-1.5306
703.353,3,-35.8521,1.6790,-1.5319
703.375,3,-35.8311,1.6822,-1.5323
703.396,3,-35.8103,1.6863,-1.5325
703.417,3,-35.7900,1.6911,-1.5321
703.439,3,-35.7705,1.6961,-1.5317
703.461,3,-35.7616,1.6985,-1.5310
703.483,3,-35.7427,1.7026,-1.5302
703.503,3,-35.7239,1.7059,-1.5294
703.526,3,-35.7052,1.7081,-1.5286
703.549,3,-35.6863,1.7089,-1.5277
703.570,3,-35.6671,1.7086,-1.5267
703.592,3,-35.6477,1.7068,-1.5257
703.619,3,-35.6192,1.7022,-1.5237
703.641,3,-35.6002,1.6970,-1.5223
703.664,3,-35.5812,1.6919,-1.5209
703.686,3,-35.5622,1.6876,-1.5193
703.709,3,-35.5436,1.6839,-1.5174
703.730,3,-35.5252,1.6804,-1.5155
703.754,3,-35.5064,1.6772,-1.5134
703.778,3,-35.4880,1.6744,-1.5117
703.798,3,-35.4690,1.6715,-1.5097
703.822,3,-35.4411,1.6693,-1.5069
703.843,3,-35.4324,1.6714,-1.5064
703.864,3,-35.4148,1.6734,-1.5055
703.885,3,-35.3981,1.6760,-1.5056
703.905,3,-35.3823,1.6779,-1.5054
703.925,3,-35.3676,1.6806,-1.5056
703.944,3,-35.3608,1.6833,-1.5061
703.965,3,-35.3474,1.6880,-1.5068
703.985,3,-35.3348,1.6926,-1.5073
704.008,3,-35.3232,1.6973,-1.5080
704.030,3,-35.3119,1.7018,-1.5088
704.052,3,-35.3009,1.7056,-1.5096
704.072,3,-35.2904,1.7086,-1.5103
704.095,3,-35.2812,1.7101,-1.5109
704.117,3,-35.2730,1.7105,-1.5102
704.137,3,-35.2660,1.7099,-1.5105
704.159,3,-35.2599,1.7089,-1.5113
704.181,3,-35.2550,1.7077,-1.5126
704.203,3,-35.2505,1.7068,-1.5134
704.222,3,-35.2490,1.7064,-1.5141
704.243,3,-35.2446,1.7076,-1.5154
704.263,3,-35.2404,1.7098,-1.5165
704.284,3,-35.2366,1.7115,-1.5185
704.306,3,-35.2335,1.7124,-1.5204
704.329,3,-35.2308,1.7128,-1.5220
704.353,3,-35.2286,1.7130,-1.5241
704.375,3,-35.2262,1.7132,-1.5264
704.396,3,-35.2239,1.7132,-1.5285
704.419,3,-35.2218,1.7131,-1.5300
704.441,3,-35.2199,1.7128,-1.5321
704.462,3,-35.2179,1.7124,-1.5325
704.484,3,-35.2162,1.7118,-1.5343
704.504,3,-35.2147,1.7113,-1.5359
704.524,3,-35.2138,1.7115,-1.5364
704.545,3,-35.2123,1.7114,-1.5378
704.566,3,-35.2109,1.7114,-1.5390
704.586,3,-35.2096,1.7114,-1.5402
704.608,3,-35.2083,1.7115,-1.5411
704.628,3,-35.2068,1.7116,-1.5420
704.649,3,-35.2055,1.7119,-1.5426
704.670,3,-35.2050,1.7123,-1.5432
704.695,3,-35.2027,1.7132,-1.5438
704.716,3,-35.2011,1.7134,-1.5444
704.737,3,-35.1996,1.7133,-1.5449
704.761,3,-35.1983,1.7132,-1.5453
704.785,3,-35.1970,1.7132,-1.5457
704.807,3,-35.1957,1.7130,-1.5462
704.829,3,-35.1945,1.7128,-1.5464
704.848,3,-35.1935,1.7127,-1.5467
704.870,3,-35.1929,1.7126,-1.5468
704.890,3,-35.1918,1.7126,-1.5471
704.909,3,-35.1907,1.7125,-1.5473
704.929,3,-35.1903,1.7125,-1.5475

# --- Trial 4 start ---
713.684,4,-39.7093,1.7322,-1.1713
713.828,4,-39.7094,1.7314,-1.1701
713.874,4,-39.7092,1.7311,-1.1689
713.897,4,-39.7092,1.7307,-1.1680
713.918,4,-39.7092,1.7306,-1.1675
713.942,4,-39.7092,1.7305,-1.1664
713.965,4,-39.7091,1.7306,-1.1659
713.987,4,-39.7089,1.7307,-1.1647
714.010,4,-39.7088,1.7306,-1.1643
714.034,4,-39.7083,1.7305,-1.1629
714.056,4,-39.7076,1.7302,-1.1619
714.080,4,-39.7061,1.7298,-1.1599
714.103,4,-39.7045,1.7295,-1.1586
714.124,4,-39.7028,1.7292,-1.1573
714.147,4,-39.7001,1.7289,-1.1559
714.170,4,-39.6973,1.7285,-1.1547
714.192,4,-39.6938,1.7274,-1.1536
714.215,4,-39.6897,1.7253,-1.1530
714.237,4,-39.6851,1.7240,-1.1533
714.261,4,-39.6796,1.7247,-1.1543
714.283,4,-39.6741,1.7253,-1.1557
714.306,4,-39.6687,1.7250,-1.1574
714.330,4,-39.6637,1.7240,-1.1593
714.354,4,-39.6591,1.7228,-1.1610
714.376,4,-39.6544,1.7216,-1.1628
714.398,4,-39.6499,1.7195,-1.1647
714.420,4,-39.6459,1.7167,-1.1665
714.441,4,-39.6430,1.7126,-1.1683
714.464,4,-39.6391,1.7123,-1.1703
714.487,4,-39.6319,1.7204,-1.1727
714.511,4,-39.6262,1.7212,-1.1750
714.534,4,-39.6213,1.7171,-1.1762
714.557,4,-39.6163,1.7135,-1.1777
714.579,4,-39.6070,1.7117,-1.1791
714.599,4,-39.6020,1.7119,-1.1792
714.621,4,-39.5936,1.7107,-1.1797
714.643,4,-39.5838,1.7094,-1.1798
714.665,4,-39.5735,1.7086,-1.1795
714.688,4,-39.5670,1.7081,-1.1787
714.712,4,-39.5506,1.7063,-1.1776
714.734,4,-39.5383,1.7044,-1.1763
714.757,4,-39.5252,1.7021,-1.1746
714.779,4,-39.5109,1.6994,-1.1723
714.801,4,-39.4891,1.6951,-1.1689
714.824,4,-39.4798,1.6925,-1.1670
714.847,4,-39.4634,1.6879,-1.1638
714.871,4,-39.4461,1.6825,-1.1601
714.894,4,-39.4199,1.6747,-1.1545
714.918,4,-39.4009,1.6686,-1.1497
714.941,4,-39.3813,1.6629,-1.1444
714.965,4,-39.3607,1.6581,-1.1387
714.989,4,-39.3398,1.6543,-1.1332
715.012,4,-39.3291,1.6533,-1.1300
715.035,4,-39.2987,1.6496,-1.1216
715.058,4,-39.2676,1.6516,-1.1135
715.082,4,-39.2473,1.6570,-1.1089
715.108,4,-39.2285,1.6626,-1.1052
715.132,4,-39.2119,1.6677,-1.1025
715.158,4,-39.1867,1.6731,-1.0987
715.181,4,-39.1695,1.6795,-1.0973
715.204,4,-39.1600,1.6847,-1.0976
715.226,4,-39.1325,1.6941,-1.0965
715.249,4,-39.1234,1.6974,-1.0976
715.272,4,-39.0968,1.7048,-1.0984
715.296,4,-39.0872,1.7058,-1.0997
715.320,4,-39.0589,1.7099,-1.1013
715.343,4,-39.0395,1.7100,-1.1028
715.365,4,-39.0292,1.7079,-1.1039
715.389,4,-38.9994,1.7050,-1.1062
715.413,4,-38.9790,1.7003,-1.1081
715.435,4,-38.9683,1.6955,-1.1094
715.459,4,-38.9374,1.6866,-1.1127
715.481,4,-38.9167,1.6794,-1.1154
715.503,4,-38.8959,1.6724,-1.1186
715.524,4,-38.8749,1.6665,-1.1224
715.547,4,-38.8538,1.6618,-1.1269
715.569,4,-38.8321,1.6586,-1.1316
715.592,4,-38.7987,1.6555,-1.1393
715.616,4,-38.7772,1.6565,-1.1450
715.640,4,-38.7535,1.6602,-1.1506
715.662,4,-38.7289,1.6685,-1.1559
715.684,4,-38.7047,1.6757,-1.1608
715.706,4,-38.6828,1.6803,-1.1642
715.730,4,-38.6623,1.6834,-1.1662
715.755,4,-38.6419,1.6876,-1.1675
715.783,4,-38.6096,1.6969,-1.1698
715.811,4,-38.5760,1.7065,-1.1714
715.835,4,-38.5540,1.7123,-1.1719
715.857,4,-38.5311,1.7161,-1.1724
715.880,4,-38.5085,1.7180,-1.1728
715.902,4,-38.4855,1.7179,-1.1731
715.925,4,-38.4621,1.7159,-1.1734
715.950,4,-38.4268,1.7112,-1.1742
715.975,4,-38.4026,1.7047,-1.1744
715.997,4,-38.3779,1.6972,-1.1745
716.021,4,-38.3531,1.6886,-1.1745
716.044,4,-38.3283,1.6803,-1.1742
716.067,4,-38.3029,1.6725,-1.1733
716.090,4,-38.2771,1.6659,-1.1721
716.114,4,-38.2505,1.6617,-1.1704
716.140,4,-38.2238,1.6597,-1.1684
716.164,4,-38.1843,1.6572,-1.1655
716.186,4,-38.1589,1.6579,-1.1633
716.208,4,-38.1332,1.6627,-1.1611
716.231,4,-38.1076,1.6702,-1.1595
716.253,4,-38.0963,1.6745,-1.1595
716.279,4,-38.0631,1.6798,-1.1594
716.303,4,-38.0428,1.6846,-1.1607
716.327,4,-38.0216,1.6927,-1.1626
716.351,4,-37.9888,1.7026,-1.1651
716.372,4,-37.9776,1.7062,-1.1672
716.394,4,-37.9555,1.7118,-1.1700
716.418,4,-37.9222,1.7173,-1.1739
716.440,4,-37.9110,1.7158,-1.1755
716.463,4,-37.8769,1.7151,-1.1799
716.486,4,-37.8533,1.7112,-1.1833
716.509,4,-37.8296,1.7064,-1.1868
716.531,4,-37.8175,1.7011,-1.1888
716.556,4,-37.7930,1.6939,-1.1931
716.578,4,-37.7683,1.6871,-1.1974
716.601,4,-37.7432,1.6803,-1.2022
716.622,4,-37.7180,1.6739,-1.2074
716.644,4,-37.6925,1.6686,-1.2131
716.666,4,-37.6793,1.6680,-1.2167
716.688,4,-37.6403,1.6642,-1.2262
716.711,4,-37.6269,1.6651,-1.2304
716.734,4,-37.5879,1.6651,-1.2412
716.758,4,-37.5619,1.6701,-1.2484
716.780,4,-37.5364,1.6761,-1.2552
716.800,4,-37.5242,1.6792,-1.2580
716.821,4,-37.5001,1.6829,-1.2635
716.844,4,-37.4651,1.6873,-1.2704
716.866,4,-37.4541,1.6899,-1.2716
716.889,4,-37.4192,1.6978,-1.2767
716.912,4,-37.3956,1.7046,-1.2790
716.936,4,-37.3719,1.7104,-1.2810
716.959,4,-37.3483,1.7147,-1.2826
716.980,4,-37.3247,1.7174,-1.2842
717.003,4,-37.3010,1.7180,-1.2855
717.025,4,-37.2764,1.7169,-1.2870
717.048,4,-37.2518,1.7143,-1.2884
717.073,4,-37.2149,1.7089,-1.2904
717.097,4,-37.1895,1.7014,-1.2915
717.120,4,-37.1639,1.6936,-1.2924
717.141,4,-37.1510,1.6883,-1.2926
717.166,4,-37.1127,1.6763,-1.2936
717.190,4,-37.0863,1.6691,-1.2939
717.212,4,-37.0595,1.6643,-1.2940
717.235,4,-37.0325,1.6606,-1.2939
717.261,4,-37.0059,1.6587,-1.2939
717.283,4,-36.9801,1.6591,-1.2940
717.305,4,-36.9542,1.6628,-1.2941
717.329,4,-36.9285,1.6681,-1.2947
717.350,4,-36.8797,1.6755,-1.2970
717.373,4,-36.8586,1.6776,-1.2993
717.395,4,-36.8380,1.6815,-1.3025
717.418,4,-36.8166,1.6893,-1.3060
717.439,4,-36.7952,1.6967,-1.3100
717.462,4,-36.7741,1.7037,-1.3142
717.487,4,-36.7532,1.7101,-1.3185
717.508,4,-36.7319,1.7149,-1.3226
717.532,4,-36.7110,1.7168,-1.3269
717.557,4,-36.6897,1.7167,-1.3309
717.582,4,-36.6470,1.7158,-1.3392
717.604,4,-36.6251,1.7110,-1.3434
717.630,4,-36.6026,1.7050,-1.3477
717.653,4,-36.5797,1.6976,-1.3523
717.676,4,-36.5566,1.6899,-1.3573
717.700,4,-36.5335,1.6818,-1.3627
717.724,4,-36.5099,1.6745,-1.3688
717.750,4,-36.4859,1.6695,-1.3754
717.775,4,-36.4620,1.6670,-1.3819
717.801,4,-36.4382,1.6657,-1.3888
717.822,4,-36.4147,1.6651,-1.3958
717.843,4,-36.3914,1.6659,-1.4028
717.863,4,-36.3793,1.6707,-1.4062
717.886,4,-36.3435,1.6774,-1.4160
717.909,4,-36.3201,1.6831,-1.4216
717.931,4,-36.2980,1.6862,-1.4262
717.952,4,-36.2764,1.6885,-1.4301
717.974,4,-36.2547,1.6931,-1.4336
717.995,4,-36.2328,1.6986,-1.4370
718.016,4,-36.2220,1.7023,-1.4378
718.039,4,-36.1893,1.7097,-1.4423
718.063,4,-36.1681,1.7136,-1.4446
718.084,4,-36.1464,1.7162,-1.4468
718.104,4,-36.1356,1.7159,-1.4477
718.131,4,-36.1028,1.7163,-1.4512
718.154,4,-36.0803,1.7144,-1.4533
718.176,4,-36.0690,1.7114,-1.4542
718.198,4,-36.0358,1.7056,-1.4572
718.220,4,-36.0249,1.7011,-1.4579
718.242,4,-35.9917,1.6926,-1.4605
718.265,4,-35.9804,1.6881,-1.4608
718.289,4,-35.9464,1.6795,-1.4624
718.312,4,-35.9235,1.6754,-1.4631
718.335,4,-35.8893,1.6704,-1.4641
718.357,4,-35.8784,1.6706,-1.4641
718.382,4,-35.8459,1.6684,-1.4646
718.404,4,-35.8361,1.6691,-1.4644
718.427,4,-35.8039,1.6719,-1.4647
718.449,4,-35.7939,1.6766,-1.4649
718.472,4,-35.7631,1.6821,-1.4659
718.492,4,-35.7534,1.6837,-1.4667
718.516,4,-35.7222,1.6876,-1.4684
718.540,4,-35.7018,1.6919,-1.4701
718.563,4,-35.6825,1.6958,-1.4718
718.585,4,-35.6737,1.6980,-1.4726
718.606,4,-35.6558,1.7016,-1.4743
718.629,4,-35.6384,1.7050,-1.4761
718.651,4,-35.6211,1.7083,-1.4779
718.674,4,-35.6037,1.7108,-1.4799
718.696,4,-35.5950,1.7106,-1.4811
718.721,4,-35.5686,1.7114,-1.4841
718.744,4,-35.5511,1.7104,-1.4865
718.766,4,-35.5331,1.7089,-1.4891
718.787,4,-35.5245,1.7067,-1.4906
718.810,4,-35.4983,1.7025,-1.4948
718.833,4,-35.4810,1.6982,-1.4979
718.857,4,-35.4635,1.6942,-1.5014
718.878,4,-35.4460,1.6912,-1.5052
718.900,4,-35.4286,1.6885,-1.5093
718.921,4,-35.4120,1.6858,-1.5136
718.942,4,-35.3961,1.6833,-1.5178
718.962,4,-35.3888,1.6832,-1.5210
718.983,4,-35.3723,1.6833,-1.5255
719.004,4,-35.3558,1.6850,-1.5297
719.024,4,-35.3400,1.6875,-1.5334
719.046,4,-35.3255,1.6888,-1.5367
719.069,4,-35.3125,1.6911,-1.5390
719.090,4,-35.2994,1.6954,-1.5411
719.112,4,-35.2875,1.7008,-1.5424
719.132,4,-35.2760,1.7065,-1.5435
719.157,4,-35.2656,1.7121,-1.5444
719.181,4,-35.2558,1.7166,-1.5450
719.201,4,-35.2463,1.7204,-1.5460
719.223,4,-35.2377,1.7230,-1.5469
719.245,4,-35.2300,1.7246,-1.5483
719.271,4,-35.2232,1.7247,-1.5492
719.296,4,-35.2136,1.7237,-1.5500
719.316,4,-35.2120,1.7215,-1.5504
719.338,4,-35.2021,1.7182,-1.5512
719.360,4,-35.1982,1.7162,-1.5513
719.382,4,-35.1943,1.7155,-1.5513
719.404,4,-35.1897,1.7173,-1.5506
719.427,4,-35.1853,1.7195,-1.5496
719.449,4,-35.1818,1.7202,-1.5487
719.472,4,-35.1792,1.7199,-1.5477
719.496,4,-35.1774,1.7190,-1.5465
719.518,4,-35.1753,1.7186,-1.5453
719.541,4,-35.1733,1.7187,-1.5442
719.565,4,-35.1713,1.7190,-1.5431
719.589,4,-35.1697,1.7189,-1.5421
719.611,4,-35.1672,1.7182,-1.5408
719.632,4,-35.1669,1.7180,-1.5405
719.653,4,-35.1649,1.7177,-1.5394
719.675,4,-35.1646,1.7177,-1.5396
719.696,4,-35.1621,1.7177,-1.5384
719.717,4,-35.1613,1.7176,-1.5384
719.748,4,-35.1608,1.7174,-1.5388
719.771,4,-35.1601,1.7176,-1.5388
719.797,4,-35.1591,1.7180,-1.5388
719.823,4,-35.1582,1.7185,-1.5384
719.844,4,-35.1576,1.7187,-1.5382
719.865,4,-35.1572,1.7185,-1.5379
719.886,4,-35.1572,1.7182,-1.5377

# --- Trial 5 start ---
726.667,5,-39.4815,1.7188,-1.0715
726.812,5,-39.4820,1.7174,-1.0701
726.853,5,-39.4817,1.7168,-1.0691
726.877,5,-39.4812,1.7168,-1.0689
726.904,5,-39.4804,1.7168,-1.0689
726.930,5,-39.4788,1.7166,-1.0691
726.953,5,-39.4776,1.7167,-1.0697
726.981,5,-39.4752,1.7167,-1.0710
727.003,5,-39.4737,1.7168,-1.0721
727.026,5,-39.4702,1.7169,-1.0743
727.050,5,-39.4676,1.7174,-1.0762
727.076,5,-39.4649,1.7172,-1.0780
727.100,5,-39.4621,1.7168,-1.0798
727.125,5,-39.4575,1.7149,-1.0826
727.148,5,-39.4549,1.7121,-1.0842
727.171,5,-39.4528,1.7088,-1.0855
727.194,5,-39.4526,1.7062,-1.0861
727.216,5,-39.4512,1.6995,-1.0881
727.241,5,-39.4470,1.7024,-1.0900
727.263,5,-39.4412,1.7079,-1.0924
727.287,5,-39.4380,1.7050,-1.0938
727.309,5,-39.4357,1.7002,-1.0949
727.331,5,-39.4323,1.6999,-1.0958
727.355,5,-39.4259,1.6996,-1.0969
727.377,5,-39.4223,1.6989,-1.0973
727.401,5,-39.4124,1.6986,-1.0988
727.423,5,-39.4046,1.6992,-1.0993
727.447,5,-39.3959,1.6988,-1.0998
727.470,5,-39.3870,1.6982,-1.1000
727.493,5,-39.3770,1.6976,-1.1002
727.516,5,-39.3663,1.6968,-1.1003
727.541,5,-39.3544,1.6955,-1.1001
727.564,5,-39.3421,1.6933,-1.1000
727.588,5,-39.3231,1.6898,-1.0998
727.611,5,-39.3156,1.6877,-1.0992
727.635,5,-39.2931,1.6821,-1.0981
727.658,5,-39.2763,1.6775,-1.0973
727.680,5,-39.2586,1.6724,-1.0962
727.703,5,-39.2402,1.6671,-1.0947
727.726,5,-39.2298,1.6646,-1.0936
727.752,5,-39.2014,1.6591,-1.0909
727.776,5,-39.1818,1.6562,-1.0883
727.799,5,-39.1617,1.6556,-1.0856
727.824,5,-39.1300,1.6591,-1.0818
727.848,5,-39.1094,1.6641,-1.0793
727.872,5,-39.0900,1.6699,-1.0773
727.896,5,-39.0713,1.6763,-1.0759
727.922,5,-39.0537,1.6816,-1.0756
727.947,5,-39.0266,1.6897,-1.0752
727.971,5,-39.0076,1.6961,-1.0757
727.996,5,-38.9880,1.7013,-1.0769
728.020,5,-38.9683,1.7056,-1.0783
728.046,5,-38.9375,1.7101,-1.0807
728.073,5,-38.9164,1.7095,-1.0831
728.097,5,-38.8956,1.7067,-1.0852
728.123,5,-38.8634,1.7018,-1.0886
728.147,5,-38.8403,1.6959,-1.0912
728.172,5,-38.8172,1.6889,-1.0939
728.196,5,-38.7934,1.6806,-1.0971
728.220,5,-38.7694,1.6725,-1.1004
728.245,5,-38.7450,1.6645,-1.1047
728.268,5,-38.7081,1.6545,-1.1114
728.293,5,-38.6821,1.6511,-1.1169
728.317,5,-38.6559,1.6497,-1.1231
728.340,5,-38.6305,1.6499,-1.1293
728.365,5,-38.6051,1.6520,-1.1359
728.389,5,-38.5790,1.6577,-1.1426
728.415,5,-38.5398,1.6665,-1.1516
728.440,5,-38.5149,1.6717,-1.1568
728.466,5,-38.4912,1.6750,-1.1610
728.489,5,-38.4559,1.6817,-1.1668
728.515,5,-38.4319,1.6880,-1.1696
728.541,5,-38.4068,1.6949,-1.1721
728.570,5,-38.3694,1.7029,-1.1757
728.598,5,-38.3446,1.7059,-1.1776
728.622,5,-38.3192,1.7066,-1.1797
728.644,5,-38.2809,1.7060,-1.1825
728.668,5,-38.2549,1.7018,-1.1840
728.690,5,-38.2285,1.6969,-1.1858
728.712,5,-38.2150,1.6922,-1.1866
728.736,5,-38.1750,1.6819,-1.1886
728.758,5,-38.1478,1.6734,-1.1898
728.781,5,-38.1202,1.6651,-1.1907
728.804,5,-38.0919,1.6582,-1.1912
728.828,5,-38.0629,1.6542,-1.1913
728.851,5,-38.0340,1.6518,-1.1912
728.874,5,-38.0054,1.6505,-1.1910
728.899,5,-37.9775,1.6522,-1.1906
728.921,5,-37.9492,1.6570,-1.1905
728.945,5,-37.9080,1.6644,-1.1910
728.968,5,-37.8831,1.6679,-1.1922
728.992,5,-37.8596,1.6712,-1.1940
729.016,5,-37.8350,1.6783,-1.1962
729.040,5,-37.8099,1.6858,-1.1986
729.065,5,-37.7851,1.6930,-1.2011
729.090,5,-37.7472,1.7033,-1.2051
729.115,5,-37.7224,1.7071,-1.2080
729.139,5,-37.6977,1.7086,-1.2109
729.163,5,-37.6728,1.7081,-1.2140
729.188,5,-37.6473,1.7061,-1.2174
729.215,5,-37.6098,1.7007,-1.2223
729.238,5,-37.5846,1.6950,-1.2257
729.264,5,-37.5584,1.6876,-1.2298
729.288,5,-37.5321,1.6800,-1.2341
729.317,5,-37.4918,1.6697,-1.2411
729.343,5,-37.4642,1.6644,-1.2464
729.369,5,-37.4224,1.6592,-1.2548
729.391,5,-37.3945,1.6576,-1.2611
729.413,5,-37.3671,1.6571,-1.2673
729.437,5,-37.3403,1.6587,-1.2730
729.460,5,-37.3127,1.6648,-1.2789
729.483,5,-37.2861,1.6702,-1.2841
729.511,5,-37.2607,1.6737,-1.2881
729.534,5,-37.2229,1.6795,-1.2935
729.558,5,-37.1980,1.6863,-1.2961
729.583,5,-37.1469,1.6998,-1.3012
729.604,5,-37.1209,1.7069,-1.3029
729.633,5,-37.0948,1.7116,-1.3042
729.654,5,-37.0687,1.7136,-1.3059
729.677,5,-37.0428,1.7120,-1.3074
729.701,5,-37.0163,1.7082,-1.3091
729.722,5,-36.9891,1.7035,-1.3111
729.743,5,-36.9613,1.6973,-1.3129
729.765,5,-36.9339,1.6889,-1.3144
729.788,5,-36.9066,1.6788,-1.3154
729.811,5,-36.8789,1.6692,-1.3165
729.834,5,-36.8504,1.6614,-1.3173
729.858,5,-36.8213,1.6566,-1.3174
729.880,5,-36.7925,1.6528,-1.3176
729.901,5,-36.7645,1.6498,-1.3177
729.925,5,-36.7368,1.6497,-1.3179
729.949,5,-36.7093,1.6521,-1.3182
729.973,5,-36.6816,1.6599,-1.3190
729.997,5,-36.6557,1.6652,-1.3206
730.021,5,-36.6325,1.6686,-1.3233
730.044,5,-36.5841,1.6777,-1.3292
730.069,5,-36.5735,1.6845,-1.3325
730.093,5,-36.5503,1.6922,-1.3369
730.116,5,-36.5268,1.7004,-1.3415
730.140,5,-36.5038,1.7072,-1.3462
730.163,5,-36.4807,1.7114,-1.3509
730.187,5,-36.4457,1.7153,-1.3576
730.211,5,-36.4228,1.7142,-1.3618
730.234,5,-36.3993,1.7110,-1.3663
730.256,5,-36.3868,1.7068,-1.3687
730.280,5,-36.3499,1.6996,-1.3755
730.303,5,-36.3252,1.6919,-1.3803
730.327,5,-36.3004,1.6834,-1.3856
730.351,5,-36.2752,1.6763,-1.3911
730.372,5,-36.2623,1.6734,-1.3944
730.396,5,-36.2245,1.6667,-1.4035
730.419,5,-36.1999,1.6656,-1.4101
730.442,5,-36.1760,1.6653,-1.4166
730.466,5,-36.1403,1.6654,-1.4262
730.488,5,-36.1297,1.6695,-1.4293
730.512,5,-36.0936,1.6759,-1.4382
730.535,5,-36.0697,1.6805,-1.4434
730.558,5,-36.0584,1.6821,-1.4449
730.581,5,-36.0234,1.6875,-1.4508
730.604,5,-36.0007,1.6928,-1.4539
730.629,5,-35.9782,1.6989,-1.4566
730.653,5,-35.9447,1.7076,-1.4605
730.679,5,-35.9240,1.7120,-1.4620
730.703,5,-35.9035,1.7153,-1.4638
730.726,5,-35.8838,1.7172,-1.4647
730.748,5,-35.8524,1.7189,-1.4667
730.770,5,-35.8427,1.7166,-1.4669
730.793,5,-35.8112,1.7146,-1.4687
730.816,5,-35.7902,1.7100,-1.4694
730.839,5,-35.7693,1.7033,-1.4700
730.862,5,-35.7484,1.6959,-1.4705
730.884,5,-35.7274,1.6886,-1.4708
730.907,5,-35.7059,1.6820,-1.4710
730.929,5,-35.6956,1.6791,-1.4710
730.951,5,-35.6735,1.6737,-1.4709
730.976,5,-35.6406,1.6661,-1.4709
731.000,5,-35.6184,1.6631,-1.4707
731.023,5,-35.5850,1.6590,-1.4706
731.045,5,-35.5743,1.6599,-1.4708
731.067,5,-35.5524,1.6626,-1.4711
731.089,5,-35.5313,1.6654,-1.4717
731.112,5,-35.5111,1.6689,-1.4726
731.133,5,-35.4921,1.6721,-1.4740
731.156,5,-35.4745,1.6759,-1.4756
731.181,5,-35.4587,1.6804,-1.4771
731.203,5,-35.4361,1.6880,-1.4792
731.225,5,-35.4313,1.6916,-1.4798
731.247,5,-35.4191,1.6977,-1.4811
731.272,5,-35.4063,1.7045,-1.4823
731.295,5,-35.3867,1.7139,-1.4844
731.318,5,-35.3746,1.7183,-1.4860
731.340,5,-35.3634,1.7206,-1.4877
731.363,5,-35.3527,1.7212,-1.4894
731.388,5,-35.3424,1.7206,-1.4911
731.410,5,-35.3384,1.7190,-1.4921
731.433,5,-35.3303,1.7177,-1.4937
731.457,5,-35.3190,1.7151,-1.4965
731.481,5,-35.3134,1.7130,-1.4987
731.505,5,-35.3072,1.7128,-1.5009
731.527,5,-35.3012,1.7137,-1.5030
731.550,5,-35.2956,1.7137,-1.5051
731.572,5,-35.2900,1.7150,-1.5072
731.595,5,-35.2855,1.7169,-1.5111
731.620,5,-35.2787,1.7179,-1.5139
731.643,5,-35.2754,1.7179,-1.5162
731.666,5,-35.2721,1.7179,-1.5180
731.687,5,-35.2686,1.7180,-1.5200
731.715,5,-35.2654,1.7178,-1.5216
731.736,5,-35.2591,1.7172,-1.5252
731.759,5,-35.2566,1.7160,-1.5270
731.783,5,-35.2541,1.7153,-1.5284
731.808,5,-35.2517,1.7154,-1.5298
731.831,5,-35.2497,1.7158,-1.5310
731.854,5,-35.2465,1.7159,-1.5323
731.876,5,-35.2458,1.7159,-1.5324
731.898,5,-35.2443,1.7159,-1.5333
731.921,5,-35.2428,1.7157,-1.5342
731.945,5,-35.2397,1.7155,-1.5353
731.973,5,-35.2384,1.7152,-1.5350
731.997,5,-35.2374,1.7150,-1.5348
732.019,5,-35.2363,1.7149,-1.5345
732.043,5,-35.2353,1.7152,-1.5341
732.066,5,-35.2345,1.7153,-1.5337
732.089,5,-35.2338,1.7148,-1.5331

# --- Trial 6 start ---
739.460,6,-39.5375,1.7238,-1.0825
739.606,6,-39.5432,1.7245,-1.0849
739.652,6,-39.5447,1.7244,-1.0859
739.678,6,-39.5450,1.7244,-1.0861
739.699,6,-39.5450,1.7245,-1.0866
739.725,6,-39.5444,1.7244,-1.0866
739.747,6,-39.5437,1.7242,-1.0867
739.771,6,-39.5422,1.7235,-1.0868
739.796,6,-39.5404,1.7234,-1.0871
739.821,6,-39.5380,1.7234,-1.0870
739.844,6,-39.5351,1.7238,-1.0872
739.867,6,-39.5314,1.7238,-1.0876
739.891,6,-39.5273,1.7221,-1.0884
739.913,6,-39.5229,1.7194,-1.0893
739.936,6,-39.5162,1.7174,-1.0913
739.959,6,-39.5104,1.7184,-1.0938
739.981,6,-39.5077,1.7185,-1.0958
740.005,6,-39.5009,1.7170,-1.1003
740.027,6,-39.4971,1.7158,-1.1035
740.054,6,-39.4936,1.7147,-1.1068
740.079,6,-39.4885,1.7114,-1.1118
740.102,6,-39.4862,1.7056,-1.1150
740.126,6,-39.4841,1.6985,-1.1181
740.151,6,-39.4755,1.7106,-1.1216
740.173,6,-39.4683,1.7147,-1.1254
740.196,6,-39.4624,1.7106,-1.1277
740.219,6,-39.4572,1.7076,-1.1289
740.242,6,-39.4508,1.7089,-1.1301
740.264,6,-39.4440,1.7087,-1.1310
740.291,6,-39.4360,1.7076,-1.1316
740.317,6,-39.4229,1.7085,-1.1329
740.340,6,-39.4127,1.7091,-1.1330
740.362,6,-39.4070,1.7084,-1.1326
740.386,6,-39.3911,1.7072,-1.1321
740.409,6,-39.3791,1.7063,-1.1313
740.431,6,-39.3664,1.7050,-1.1301
740.455,6,-39.3523,1.7026,-1.1284
740.480,6,-39.3380,1.7003,-1.1267
740.504,6,-39.3156,1.6964,-1.1235
740.526,6,-39.3072,1.6939,-1.1217
740.549,6,-39.2836,1.6885,-1.1177
740.573,6,-39.2661,1.6849,-1.1142
740.596,6,-39.2490,1.6816,-1.1103
740.622,6,-39.2315,1.6785,-1.1060
740.646,6,-39.2141,1.6766,-1.1020
740.669,6,-39.1967,1.6752,-1.0977
740.694,6,-39.1798,1.6752,-1.0935
740.717,6,-39.1629,1.6778,-1.0896
740.740,6,-39.1461,1.6814,-1.0865
740.764,6,-39.1213,1.6859,-1.0821
740.790,6,-39.1057,1.6882,-1.0807
740.815,6,-39.0905,1.6907,-1.0800
740.840,6,-39.0675,1.6954,-1.0790
740.863,6,-39.0515,1.6992,-1.0797
740.888,6,-39.0350,1.7033,-1.0809
740.912,6,-39.0186,1.7065,-1.0823
740.937,6,-39.0020,1.7086,-1.0840
740.964,6,-38.9760,1.7107,-1.0867
740.988,6,-38.9581,1.7102,-1.0888
741.011,6,-38.9404,1.7087,-1.0910
741.040,6,-38.9214,1.7057,-1.0940
741.064,6,-38.8926,1.7013,-1.0984
741.087,6,-38.8736,1.6967,-1.1014
741.110,6,-38.8536,1.6916,-1.1055
741.134,6,-38.8327,1.6861,-1.1101
741.157,6,-38.8119,1.6803,-1.1149
741.183,6,-38.7915,1.6759,-1.1203
741.206,6,-38.7607,1.6710,-1.1288
741.231,6,-38.7396,1.6691,-1.1355
741.254,6,-38.7178,1.6685,-1.1428
741.279,6,-38.6951,1.6713,-1.1505
741.303,6,-38.6717,1.6757,-1.1577
741.326,6,-38.6377,1.6821,-1.1682
741.348,6,-38.6273,1.6840,-1.1713
741.370,6,-38.6070,1.6861,-1.1770
741.394,6,-38.5775,1.6899,-1.1844
741.417,6,-38.5574,1.6938,-1.1883
741.441,6,-38.5366,1.6988,-1.1917
741.465,6,-38.5156,1.7040,-1.1943
741.486,6,-38.4946,1.7081,-1.1967
741.511,6,-38.4737,1.7110,-1.1990
741.533,6,-38.4528,1.7127,-1.2011
741.555,6,-38.4316,1.7132,-1.2030
741.577,6,-38.4103,1.7124,-1.2045
741.601,6,-38.3885,1.7100,-1.2060
741.622,6,-38.3669,1.7066,-1.2074
741.646,6,-38.3445,1.7014,-1.2082
741.673,6,-38.3108,1.6928,-1.2096
741.696,6,-38.2883,1.6862,-1.2101
741.719,6,-38.2653,1.6795,-1.2102
741.743,6,-38.2418,1.6734,-1.2098
741.767,6,-38.2180,1.6692,-1.2092
741.791,6,-38.1943,1.6660,-1.2082
741.816,6,-38.1706,1.6644,-1.2068
741.840,6,-38.1474,1.6639,-1.2053
741.863,6,-38.1127,1.6656,-1.2028
741.889,6,-38.0903,1.6695,-1.2016
741.912,6,-38.0691,1.6729,-1.2012
741.935,6,-38.0488,1.6754,-1.2017
741.961,6,-38.0182,1.6813,-1.2030
741.988,6,-37.9981,1.6873,-1.2052
742.016,6,-37.9782,1.6925,-1.2076
742.043,6,-37.9478,1.7003,-1.2110
742.068,6,-37.9271,1.7045,-1.2136
742.096,6,-37.9062,1.7062,-1.2164
742.122,6,-37.8751,1.7074,-1.2207
742.146,6,-37.8535,1.7057,-1.2236
742.168,6,-37.8314,1.7030,-1.2266
742.197,6,-37.7980,1.6967,-1.2312
742.218,6,-37.7862,1.6927,-1.2332
742.241,6,-37.7633,1.6863,-1.2368
742.264,6,-37.7404,1.6794,-1.2410
742.287,6,-37.7053,1.6701,-1.2478
742.310,6,-37.6929,1.6682,-1.2510
742.332,6,-37.6683,1.6646,-1.2568
742.356,6,-37.6319,1.6610,-1.2659
742.385,6,-37.6072,1.6613,-1.2730
742.409,6,-37.5707,1.6634,-1.2833
742.433,6,-37.5220,1.6703,-1.2967
742.455,6,-37.4973,1.6764,-1.3030
742.479,6,-37.4740,1.6809,-1.3077
742.503,6,-37.4514,1.6833,-1.3115
742.525,6,-37.4287,1.6873,-1.3147
742.549,6,-37.4055,1.6922,-1.3171
742.571,6,-37.3816,1.6976,-1.3188
742.594,6,-37.3576,1.7025,-1.3196
742.622,6,-37.3333,1.7053,-1.3195
742.647,6,-37.2861,1.7086,-1.3193
742.670,6,-37.2620,1.7059,-1.3165
742.697,6,-37.2374,1.7016,-1.3136
742.720,6,-37.2131,1.6971,-1.3107
742.743,6,-37.1887,1.6909,-1.3070
742.769,6,-37.1646,1.6841,-1.3029
742.794,6,-37.1399,1.6782,-1.2986
742.817,6,-37.1153,1.6727,-1.2940
742.843,6,-37.0795,1.6655,-1.2870
742.864,6,-37.0677,1.6639,-1.2839
742.886,6,-37.0447,1.6610,-1.2787
742.909,6,-37.0232,1.6591,-1.2738
742.931,6,-37.0023,1.6591,-1.2691
742.956,6,-36.9804,1.6638,-1.2645
742.979,6,-36.9600,1.6672,-1.2607
743.004,6,-36.9405,1.6689,-1.2576
743.030,6,-36.9115,1.6749,-1.2530
743.052,6,-36.9029,1.6786,-1.2521
743.077,6,-36.8840,1.6843,-1.2496
743.101,6,-36.8456,1.6956,-1.2439
743.126,6,-36.8274,1.7002,-1.2410
743.149,6,-36.8090,1.7028,-1.2384
743.171,6,-36.7997,1.7028,-1.2370
743.192,6,-36.7802,1.7039,-1.2341
743.213,6,-36.7605,1.7036,-1.2313
743.235,6,-36.7407,1.7015,-1.2290
743.259,6,-36.7114,1.6985,-1.2259
743.284,6,-36.6915,1.6946,-1.2242
743.306,6,-36.6718,1.6905,-1.2233
743.330,6,-36.6620,1.6879,-1.2238
743.355,6,-36.6328,1.6828,-1.2237
743.379,6,-36.6038,1.6771,-1.2245
743.404,6,-36.5854,1.6730,-1.2270
743.425,6,-36.5771,1.6705,-1.2289
743.448,6,-36.5496,1.6662,-1.2319
743.471,6,-36.5301,1.6701,-1.2340
743.494,6,-36.5120,1.6725,-1.2366
743.518,6,-36.4959,1.6735,-1.2388
743.539,6,-36.4894,1.6756,-1.2399
743.564,6,-36.4665,1.6804,-1.2428
743.588,6,-36.4521,1.6851,-1.2447
743.616,6,-36.4363,1.6926,-1.2465
743.640,6,-36.4113,1.7015,-1.2496
743.662,6,-36.3941,1.7059,-1.2519
743.684,6,-36.3765,1.7085,-1.2542
743.706,6,-36.3584,1.7097,-1.2565
743.731,6,-36.3396,1.7083,-1.2589
743.752,6,-36.3205,1.7059,-1.2615
743.775,6,-36.3009,1.7015,-1.2638
743.796,6,-36.2907,1.6980,-1.2648
743.819,6,-36.2808,1.6951,-1.2654
743.841,6,-36.2511,1.6891,-1.2677
743.863,6,-36.2307,1.6849,-1.2684
743.887,6,-36.2110,1.6813,-1.2686
743.913,6,-36.1924,1.6788,-1.2686
743.937,6,-36.1737,1.6789,-1.2682
743.959,6,-36.1556,1.6807,-1.2680
743.982,6,-36.1395,1.6815,-1.2680
744.006,6,-36.1159,1.6840,-1.2685
744.029,6,-36.1001,1.6891,-1.2700
744.050,6,-36.0920,1.6920,-1.2713
744.075,6,-36.0682,1.6984,-1.2747
744.101,6,-36.0526,1.7029,-1.2775
744.126,6,-36.0368,1.7060,-1.2806
744.148,6,-36.0206,1.7083,-1.2841
744.170,6,-36.0039,1.7096,-1.2874
744.193,6,-35.9871,1.7095,-1.2913
744.216,6,-35.9620,1.7077,-1.2974
744.241,6,-35.9447,1.7041,-1.3019
744.264,6,-35.9273,1.6993,-1.3067
744.287,6,-35.9097,1.6939,-1.3120
744.309,6,-35.8917,1.6880,-1.3176
744.332,6,-35.8737,1.6809,-1.3236
744.354,6,-35.8556,1.6741,-1.3300
744.378,6,-35.8375,1.6687,-1.3373
744.402,6,-35.8189,1.6649,-1.3455
744.430,6,-35.7904,1.6611,-1.3587
744.454,6,-35.7711,1.6602,-1.3687
744.478,6,-35.7522,1.6591,-1.3789
744.502,6,-35.7333,1.6602,-1.3894
744.526,6,-35.7136,1.6638,-1.3997
744.547,6,-35.6938,1.6674,-1.4098
744.569,6,-35.6744,1.6721,-1.4191
744.590,6,-35.6555,1.6753,-1.4278
744.612,6,-35.6374,1.6774,-1.4357
744.635,6,-35.6204,1.6804,-1.4423
744.657,6,-35.6032,1.6847,-1.4487
744.679,6,-35.5861,1.6895,-1.4544
744.704,6,-35.5608,1.6963,-1.4623
744.725,6,-35.5527,1.6980,-1.4640
744.745,6,-35.5364,1.7010,-1.4685
744.765,6,-35.5202,1.7036,-1.4725
744.789,6,-35.5124,1.7041,-1.4740
744.811,6,-35.4885,1.7064,-1.4798
744.831,6,-35.4737,1.7057,-1.4829
744.852,6,-35.4673,1.7041,-1.4840
744.874,6,-35.4539,1.7015,-1.4869
744.897,6,-35.4347,1.6975,-1.4907
744.919,6,-35.4233,1.6944,-1.4925
744.939,6,-35.4178,1.6932,-1.4933
744.960,6,-35.4062,1.6912,-1.4949
744.981,6,-35.3952,1.6890,-1.4963
745.003,6,-35.3850,1.6858,-1.4975
745.027,6,-35.3743,1.6844,-1.4988
745.050,6,-35.3574,1.6857,-1.5006
745.073,6,-35.3469,1.6864,-1.5018
745.094,6,-35.3426,1.6868,-1.5025
745.116,6,-35.3333,1.6887,-1.5042
745.139,6,-35.3242,1.6921,-1.5062
745.160,6,-35.3155,1.6963,-1.5083
745.181,6,-35.3070,1.7002,-1.5105
745.205,6,-35.2947,1.7052,-1.5136
745.228,6,-35.2877,1.7065,-1.5157
745.250,6,-35.2852,1.7057,-1.5166
745.273,6,-35.2759,1.7061,-1.5207
745.295,6,-35.2738,1.7050,-1.5219
745.317,6,-35.2690,1.7033,-1.5244
745.341,6,-35.2622,1.7015,-1.5274
745.362,6,-35.2606,1.7019,-1.5288
745.391,6,-35.2544,1.7031,-1.5319
745.418,6,-35.2509,1.7049,-1.5337
745.445,6,-35.2460,1.7062,-1.5365
745.471,6,-35.2431,1.7072,-1.5382
745.497,6,-35.2387,1.7081,-1.5404
745.526,6,-35.2361,1.7078,-1.5423
745.553,6,-35.2320,1.7076,-1.5442
745.579,6,-35.2294,1.7073,-1.5457
745.604,6,-35.2268,1.7072,-1.5468
745.629,6,-35.2245,1.7071,-1.5478
745.654,6,-35.2221,1.7074,-1.5487
745.684,6,-35.2188,1.7074,-1.5500
745.731,6,-35.2160,1.7069,-1.5507
745.754,6,-35.2104,1.7061,-1.5523
745.777,6,-35.2090,1.7060,-1.5528
745.799,6,-35.2075,1.7057,-1.5530
745.821,6,-35.2060,1.7056,-1.5533
745.844,6,-35.2047,1.7055,-1.5531

# --- Trial 7 start ---
754.087,7,-39.6061,1.7256,-1.1008
754.242,7,-39.6074,1.7255,-1.1032
754.286,7,-39.6075,1.7250,-1.1037
754.314,7,-39.6072,1.7248,-1.1039
754.338,7,-39.6067,1.7247,-1.1039
754.364,7,-39.6063,1.7245,-1.1040
754.387,7,-39.6058,1.7241,-1.1040
754.412,7,-39.6051,1.7237,-1.1040
754.439,7,-39.6037,1.7229,-1.1039
754.466,7,-39.6024,1.7226,-1.1040
754.489,7,-39.6006,1.7227,-1.1043
754.513,7,-39.5974,1.7226,-1.1048
754.537,7,-39.5942,1.7223,-1.1056
754.559,7,-39.5920,1.7213,-1.1065
754.582,7,-39.5879,1.7200,-1.1080
754.604,7,-39.5828,1.7188,-1.1103
754.629,7,-39.5748,1.7169,-1.1147
754.653,7,-39.5695,1.7154,-1.1185
754.675,7,-39.5646,1.7138,-1.1224
754.698,7,-39.5599,1.7124,-1.1264
754.723,7,-39.5532,1.7105,-1.1326
754.746,7,-39.5493,1.7092,-1.1369
754.776,7,-39.5464,1.7073,-1.1411
754.802,7,-39.5433,1.7033,-1.1469
754.827,7,-39.5405,1.7044,-1.1509
754.850,7,-39.5303,1.7165,-1.1594
754.874,7,-39.5266,1.7171,-1.1629
754.897,7,-39.5241,1.7119,-1.1652
754.919,7,-39.5216,1.7106,-1.1675
754.942,7,-39.5169,1.7112,-1.1690
754.967,7,-39.5108,1.7104,-1.1704
754.988,7,-39.5038,1.7096,-1.1722
755.011,7,-39.4959,1.7094,-1.1738
755.034,7,-39.4875,1.7088,-1.1750
755.061,7,-39.4785,1.7080,-1.1757
755.086,7,-39.4691,1.7077,-1.1769
755.110,7,-39.4499,1.7073,-1.1792
755.133,7,-39.4381,1.7063,-1.1797
755.160,7,-39.4256,1.7042,-1.1805
755.184,7,-39.4125,1.7018,-1.1817
755.209,7,-39.3982,1.6985,-1.1825
755.232,7,-39.3832,1.6945,-1.1833
755.257,7,-39.3670,1.6899,-1.1842
755.284,7,-39.3492,1.6845,-1.1843
755.310,7,-39.3306,1.6788,-1.1839
755.338,7,-39.2934,1.6673,-1.1833
755.363,7,-39.2731,1.6605,-1.1821
755.388,7,-39.2520,1.6551,-1.1805
755.411,7,-39.2402,1.6532,-1.1793
755.434,7,-39.2086,1.6464,-1.1765
755.458,7,-39.1865,1.6440,-1.1741
755.481,7,-39.1750,1.6454,-1.1728
755.503,7,-39.1525,1.6476,-1.1708
755.528,7,-39.1301,1.6523,-1.1688
755.552,7,-39.0974,1.6597,-1.1667
755.582,7,-39.0782,1.6665,-1.1665
755.611,7,-39.0507,1.6736,-1.1667
755.634,7,-39.0219,1.6837,-1.1680
755.663,7,-39.0011,1.6932,-1.1704
755.686,7,-38.9807,1.7004,-1.1726
755.711,7,-38.9505,1.7092,-1.1763
755.733,7,-38.9405,1.7092,-1.1780
755.757,7,-38.9098,1.7121,-1.1821
755.781,7,-38.8889,1.7100,-1.1859
755.804,7,-38.8680,1.7060,-1.1898
755.829,7,-38.8570,1.7020,-1.1918
755.853,7,-38.8243,1.6949,-1.1975
755.876,7,-38.7916,1.6851,-1.2038
755.899,7,-38.7809,1.6796,-1.2064
755.923,7,-38.7471,1.6685,-1.2133
755.946,7,-38.7228,1.6614,-1.2190
755.971,7,-38.6978,1.6570,-1.2258
755.997,7,-38.6726,1.6550,-1.2325
756.019,7,-38.6477,1.6541,-1.2396
756.042,7,-38.6227,1.6549,-1.2471
756.067,7,-38.5863,1.6595,-1.2577
756.093,7,-38.5610,1.6690,-1.2643
756.117,7,-38.5365,1.6748,-1.2702
756.141,7,-38.5136,1.6778,-1.2748
756.168,7,-38.4809,1.6824,-1.2802
756.193,7,-38.4583,1.6889,-1.2825
756.219,7,-38.4344,1.6968,-1.2847
756.244,7,-38.3986,1.7061,-1.2879
756.266,7,-38.3861,1.7084,-1.2884
756.288,7,-38.3619,1.7119,-1.2902
756.312,7,-38.3253,1.7145,-1.2927
756.333,7,-38.3127,1.7119,-1.2931
756.356,7,-38.2752,1.7089,-1.2952
756.384,7,-38.2496,1.7025,-1.2963
756.407,7,-38.2242,1.6947,-1.2972
756.431,7,-38.1984,1.6854,-1.2976
756.454,7,-38.1729,1.6765,-1.2978
756.480,7,-38.1335,1.6651,-1.2980
756.506,7,-38.1054,1.6591,-1.2977
756.531,7,-38.0773,1.6557,-1.2970
756.557,7,-38.0356,1.6517,-1.2964
756.582,7,-38.0086,1.6521,-1.2959
756.608,7,-37.9816,1.6570,-1.2956
756.632,7,-37.9546,1.6643,-1.2956
756.654,7,-37.9292,1.6691,-1.2966
756.676,7,-37.9186,1.6702,-1.2980
756.698,7,-37.8959,1.6755,-1.3002
756.721,7,-37.8602,1.6860,-1.3039
756.743,7,-37.8485,1.6909,-1.3063
756.766,7,-37.8124,1.7022,-1.3116
756.790,7,-37.7884,1.7086,-1.3155
756.813,7,-37.7647,1.7117,-1.3199
756.837,7,-37.7406,1.7125,-1.3241
756.860,7,-37.7168,1.7107,-1.3281
756.884,7,-37.6926,1.7069,-1.3321
756.911,7,-37.6547,1.7005,-1.3385
756.934,7,-37.6292,1.6940,-1.3429
756.958,7,-37.6032,1.6858,-1.3478
756.982,7,-37.5771,1.6780,-1.3533
757.005,7,-37.5507,1.6706,-1.3589
757.028,7,-37.5242,1.6646,-1.3649
757.053,7,-37.4973,1.6612,-1.3716
757.078,7,-37.4571,1.6578,-1.3819
757.101,7,-37.4307,1.6573,-1.3891
757.125,7,-37.3784,1.6593,-1.4030
757.147,7,-37.3521,1.6671,-1.4098
757.179,7,-37.3274,1.6748,-1.4149
757.205,7,-37.3047,1.6783,-1.4189
757.231,7,-37.2571,1.6871,-1.4270
757.254,7,-37.2339,1.6948,-1.4297
757.281,7,-37.2101,1.7030,-1.4318
757.304,7,-37.1863,1.7094,-1.4339
757.331,7,-37.1625,1.7131,-1.4359
757.355,7,-37.1384,1.7148,-1.4379
757.377,7,-37.1143,1.7141,-1.4400
757.400,7,-37.0894,1.7115,-1.4424
757.422,7,-37.0642,1.7068,-1.4449
757.445,7,-37.0389,1.7007,-1.4473
757.469,7,-37.0133,1.6915,-1.4494
757.492,7,-36.9877,1.6826,-1.4516
757.515,7,-36.9615,1.6745,-1.4539
757.538,7,-36.9345,1.6676,-1.4559
757.561,7,-36.8937,1.6598,-1.4587
757.591,7,-36.8534,1.6564,-1.4609
757.616,7,-36.8279,1.6569,-1.4617
757.639,7,-36.8011,1.6585,-1.4626
757.661,7,-36.7736,1.6646,-1.4638
757.686,7,-36.7466,1.6727,-1.4653
757.710,7,-36.7220,1.6775,-1.4673
757.732,7,-36.6994,1.6793,-1.4699
757.756,7,-36.6887,1.6818,-1.4719
757.778,7,-36.6533,1.6906,-1.4759
757.803,7,-36.6297,1.6975,-1.4791
757.826,7,-36.6060,1.7038,-1.4824
757.851,7,-36.5824,1.7089,-1.4857
757.876,7,-36.5475,1.7135,-1.4906
757.899,7,-36.5244,1.7135,-1.4937
757.926,7,-36.5010,1.7105,-1.4968
757.952,7,-36.4771,1.7066,-1.4999
757.976,7,-36.4405,1.7010,-1.5045
757.998,7,-36.4279,1.6965,-1.5062
758.023,7,-36.3913,1.6872,-1.5111
758.045,7,-36.3666,1.6798,-1.5145
758.068,7,-36.3419,1.6728,-1.5180
758.090,7,-36.3296,1.6699,-1.5202
758.114,7,-36.2929,1.6638,-1.5265
758.137,7,-36.2684,1.6622,-1.5313
758.161,7,-36.2439,1.6615,-1.5366
758.184,7,-36.2204,1.6624,-1.5417
758.213,7,-36.1855,1.6684,-1.5490
758.239,7,-36.1627,1.6745,-1.5530
758.265,7,-36.1297,1.6792,-1.5583
758.287,7,-36.1093,1.6824,-1.5605
758.308,7,-36.0885,1.6874,-1.5621
758.331,7,-36.0672,1.6938,-1.5631
758.353,7,-36.0458,1.7010,-1.5638
758.378,7,-36.0246,1.7072,-1.5640
758.401,7,-36.0038,1.7121,-1.5640
758.424,7,-35.9834,1.7157,-1.5641
758.445,7,-35.9625,1.7178,-1.5640
758.466,7,-35.9415,1.7183,-1.5640
758.488,7,-35.9307,1.7159,-1.5636
758.511,7,-35.8990,1.7131,-1.5631
758.535,7,-35.8779,1.7075,-1.5621
758.559,7,-35.8566,1.7000,-1.5608
758.582,7,-35.8352,1.6927,-1.5593
758.604,7,-35.8137,1.6855,-1.5574
758.628,7,-35.7919,1.6791,-1.5551
758.651,7,-35.7703,1.6750,-1.5527
758.675,7,-35.7378,1.6701,-1.5490
758.699,7,-35.7162,1.6678,-1.5463
758.722,7,-35.6966,1.6657,-1.5439
758.744,7,-35.6757,1.6674,-1.5412
758.767,7,-35.6660,1.6706,-1.5401
758.788,7,-35.6356,1.6735,-1.5370
758.810,7,-35.6264,1.6764,-1.5365
758.836,7,-35.5977,1.6813,-1.5347
758.861,7,-35.5792,1.6865,-1.5342
758.885,7,-35.5609,1.6915,-1.5340
758.908,7,-35.5437,1.6959,-1.5341
758.932,7,-35.5185,1.7026,-1.5344
758.953,7,-35.5112,1.7041,-1.5351
758.977,7,-35.4958,1.7073,-1.5358
759.005,7,-35.4718,1.7122,-1.5372
759.031,7,-35.4477,1.7158,-1.5391
759.053,7,-35.4396,1.7152,-1.5400
759.082,7,-35.4241,1.7143,-1.5415
759.105,7,-35.4171,1.7125,-1.5425
759.129,7,-35.3953,1.7095,-1.5450
759.151,7,-35.3822,1.7070,-1.5470
759.173,7,-35.3704,1.7041,-1.5492
759.195,7,-35.3586,1.7005,-1.5518
759.219,7,-35.3467,1.6983,-1.5546
759.244,7,-35.3271,1.7002,-1.5583
759.265,7,-35.3206,1.7015,-1.5592
759.289,7,-35.3029,1.7024,-1.5617
759.312,7,-35.2924,1.7043,-1.5626
759.336,7,-35.2826,1.7069,-1.5629
759.359,7,-35.2733,1.7107,-1.5628
759.380,7,-35.2647,1.7154,-1.5648
759.402,7,-35.2562,1.7196,-1.5643
759.426,7,-35.2491,1.7226,-1.5637
759.446,7,-35.2425,1.7248,-1.5631
759.468,7,-35.2369,1.7261,-1.5625
759.488,7,-35.2320,1.7264,-1.5622
759.510,7,-35.2279,1.7260,-1.5617
759.532,7,-35.2245,1.7248,-1.5612
759.554,7,-35.2218,1.7233,-1.5604
759.575,7,-35.2190,1.7225,-1.5593
759.597,7,-35.2164,1.7217,-1.5582
759.618,7,-35.2148,1.7198,-1.5568
759.639,7,-35.2137,1.7182,-1.5554
759.661,7,-35.2127,1.7183,-1.5539
759.683,7,-35.2118,1.7189,-1.5526
759.705,7,-35.2109,1.7197,-1.5513
759.726,7,-35.2100,1.7204,-1.5500
759.747,7,-35.2093,1.7212,-1.5488
759.770,7,-35.2084,1.7216,-1.5477
759.797,7,-35.2078,1.7212,-1.5468
759.823,7,-35.2072,1.7201,-1.5456
759.845,7,-35.2072,1.7193,-1.5456
759.866,7,-35.2070,1.7183,-1.5448
759.888,7,-35.2066,1.7180,-1.5444
759.911,7,-35.2062,1.7181,-1.5439
759.934,7,-35.2057,1.7179,-1.5434
759.956,7,-35.2052,1.7176,-1.5432
759.977,7,-35.2048,1.7175,-1.5430
760.000,7,-35.2046,1.7176,-1.5427
760.022,7,-35.2043,1.7173,-1.5422
760.044,7,-35.2042,1.7170,-1.5419
760.066,7,-35.2041,1.7167,-1.5415

# --- Trial 8 start ---
767.205,8,-39.5836,1.7167,-1.0900
767.355,8,-39.5910,1.7192,-1.0811
767.403,8,-39.5938,1.7198,-1.0779
767.429,8,-39.5951,1.7193,-1.0771
767.452,8,-39.5960,1.7186,-1.0768
767.478,8,-39.5967,1.7181,-1.0768
767.501,8,-39.5976,1.7174,-1.0774
767.524,8,-39.5984,1.7170,-1.0779
767.547,8,-39.5985,1.7178,-1.0785
767.573,8,-39.5980,1.7190,-1.0789
767.596,8,-39.5974,1.7201,-1.0797
767.620,8,-39.5971,1.7198,-1.0797
767.644,8,-39.5963,1.7194,-1.0801
767.668,8,-39.5949,1.7192,-1.0805
767.691,8,-39.5928,1.7196,-1.0810
767.715,8,-39.5877,1.7195,-1.0822
767.740,8,-39.5838,1.7181,-1.0831
767.764,8,-39.5795,1.7161,-1.0842
767.789,8,-39.5698,1.7143,-1.0869
767.812,8,-39.5629,1.7141,-1.0893
767.837,8,-39.5569,1.7122,-1.0920
767.863,8,-39.5515,1.7090,-1.0945
767.888,8,-39.5456,1.7080,-1.0973
767.913,8,-39.5396,1.7080,-1.1003
767.937,8,-39.5357,1.7060,-1.1031
767.961,8,-39.5341,1.7020,-1.1055
767.984,8,-39.5284,1.7076,-1.1085
768.007,8,-39.5196,1.7189,-1.1120
768.032,8,-39.5138,1.7188,-1.1152
768.059,8,-39.5045,1.7146,-1.1202
768.086,8,-39.4997,1.7139,-1.1220
768.109,8,-39.4931,1.7119,-1.1235
768.134,8,-39.4849,1.7096,-1.1250
768.158,8,-39.4759,1.7084,-1.1266
768.181,8,-39.4664,1.7067,-1.1278
768.205,8,-39.4563,1.7046,-1.1283
768.228,8,-39.4454,1.7038,-1.1285
768.252,8,-39.4334,1.7038,-1.1287
768.278,8,-39.4205,1.7027,-1.1276
768.302,8,-39.4011,1.6997,-1.1271
768.325,8,-39.3864,1.6963,-1.1262
768.348,8,-39.3710,1.6926,-1.1254
768.376,8,-39.3535,1.6872,-1.1236
768.401,8,-39.3364,1.6817,-1.1224
768.426,8,-39.3103,1.6740,-1.1202
768.448,8,-39.2919,1.6685,-1.1182
768.471,8,-39.2728,1.6629,-1.1155
768.494,8,-39.2627,1.6608,-1.1139
768.516,8,-39.2438,1.6570,-1.1110
768.539,8,-39.2245,1.6546,-1.1078
768.565,8,-39.1950,1.6532,-1.1033
768.588,8,-39.1655,1.6563,-1.0992
768.612,8,-39.1458,1.6633,-1.0968
768.639,8,-39.1269,1.6716,-1.0951
768.663,8,-39.1104,1.6783,-1.0942
768.686,8,-39.0940,1.6834,-1.0937
768.709,8,-39.0777,1.6889,-1.0940
768.734,8,-39.0599,1.6964,-1.0951
768.759,8,-39.0337,1.7057,-1.0967
768.781,8,-39.0160,1.7118,-1.0984
768.805,8,-38.9980,1.7158,-1.1007
768.828,8,-38.9799,1.7175,-1.1032
768.850,8,-38.9708,1.7164,-1.1045
768.874,8,-38.9429,1.7164,-1.1082
768.898,8,-38.9236,1.7134,-1.1110
768.922,8,-38.9046,1.7094,-1.1137
768.948,8,-38.8845,1.7044,-1.1167
768.973,8,-38.8542,1.6981,-1.1216
768.996,8,-38.8339,1.6923,-1.1251
769.018,8,-38.8234,1.6887,-1.1276
769.042,8,-38.8028,1.6835,-1.1318
769.065,8,-38.7816,1.6798,-1.1367
769.087,8,-38.7605,1.6770,-1.1421
769.109,8,-38.7397,1.6747,-1.1478
769.134,8,-38.7190,1.6742,-1.1545
769.157,8,-38.6881,1.6745,-1.1637
769.179,8,-38.6666,1.6792,-1.1705
769.203,8,-38.6446,1.6859,-1.1770
769.227,8,-38.6235,1.6903,-1.1825
769.253,8,-38.6042,1.6913,-1.1867
769.276,8,-38.5849,1.6935,-1.1907
769.299,8,-38.5651,1.6977,-1.1940
769.325,8,-38.5344,1.7049,-1.1987
769.349,8,-38.5128,1.7107,-1.2014
769.371,8,-38.4924,1.7149,-1.2036
769.394,8,-38.4723,1.7175,-1.2054
769.417,8,-38.4615,1.7177,-1.2063
769.438,8,-38.4304,1.7197,-1.2090
769.461,8,-38.4088,1.7191,-1.2109
769.484,8,-38.3976,1.7167,-1.2116
769.509,8,-38.3644,1.7120,-1.2139
769.533,8,-38.3423,1.7063,-1.2151
769.558,8,-38.3196,1.6993,-1.2160
769.584,8,-38.2856,1.6899,-1.2170
769.607,8,-38.2617,1.6831,-1.2172
769.630,8,-38.2380,1.6767,-1.2168
769.655,8,-38.2141,1.6721,-1.2162
769.680,8,-38.1899,1.6688,-1.2153
769.704,8,-38.1538,1.6653,-1.2137
769.731,8,-38.1299,1.6672,-1.2124
769.754,8,-38.1054,1.6718,-1.2111
769.776,8,-38.0816,1.6757,-1.2103
769.798,8,-38.0602,1.6776,-1.2100
769.819,8,-38.0403,1.6778,-1.2110
769.841,8,-38.0203,1.6812,-1.2124
769.866,8,-37.9998,1.6875,-1.2148
769.889,8,-37.9789,1.6924,-1.2174
769.911,8,-37.9579,1.6978,-1.2206
769.935,8,-37.9372,1.7025,-1.2238
769.957,8,-37.9164,1.7052,-1.2271
769.979,8,-37.8950,1.7067,-1.2307
770.002,8,-37.8735,1.7064,-1.2343
770.025,8,-37.8516,1.7049,-1.2381
770.052,8,-37.8187,1.7012,-1.2438
770.079,8,-37.7963,1.6962,-1.2481
770.103,8,-37.7737,1.6905,-1.2526
770.126,8,-37.7509,1.6848,-1.2572
770.148,8,-37.7278,1.6792,-1.2622
770.170,8,-37.7049,1.6738,-1.2674
770.192,8,-37.6816,1.6698,-1.2729
770.216,8,-37.6464,1.6654,-1.2819
770.237,8,-37.6347,1.6653,-1.2856
770.261,8,-37.6114,1.6652,-1.2922
770.283,8,-37.5756,1.6686,-1.3022
770.305,8,-37.5634,1.6730,-1.3055
770.328,8,-37.5283,1.6800,-1.3146
770.353,8,-37.5064,1.6841,-1.3195
770.377,8,-37.4851,1.6866,-1.3236
770.404,8,-37.4637,1.6915,-1.3269
770.426,8,-37.4306,1.6990,-1.3320
770.448,8,-37.4082,1.7046,-1.3344
770.471,8,-37.3854,1.7096,-1.3364
770.493,8,-37.3741,1.7108,-1.3370
770.514,8,-37.3403,1.7147,-1.3399
770.540,8,-37.3176,1.7140,-1.3410
770.563,8,-37.2948,1.7128,-1.3422
770.586,8,-37.2713,1.7097,-1.3432
770.608,8,-37.2477,1.7055,-1.3441
770.630,8,-37.2240,1.6998,-1.3449
770.653,8,-37.1999,1.6933,-1.3454
770.674,8,-37.1874,1.6894,-1.3453
770.700,8,-37.1506,1.6794,-1.3455
770.727,8,-37.1135,1.6697,-1.3450
770.751,8,-37.0886,1.6653,-1.3440
770.773,8,-37.0634,1.6620,-1.3427
770.794,8,-37.0378,1.6599,-1.3412
770.816,8,-37.0129,1.6596,-1.3397
770.837,8,-36.9999,1.6628,-1.3389
770.860,8,-36.9622,1.6679,-1.3370
770.884,8,-36.9387,1.6724,-1.3365
770.906,8,-36.9174,1.6754,-1.3369
770.928,8,-36.8966,1.6786,-1.3380
770.951,8,-36.8753,1.6848,-1.3396
770.975,8,-36.8543,1.6913,-1.3420
771.000,8,-36.8337,1.6974,-1.3449
771.023,8,-36.8022,1.7064,-1.3491
771.045,8,-36.7916,1.7082,-1.3511
771.069,8,-36.7597,1.7128,-1.3558
771.090,8,-36.7380,1.7134,-1.3592
771.112,8,-36.7268,1.7114,-1.3611
771.136,8,-36.6937,1.7085,-1.3664
771.158,8,-36.6819,1.7054,-1.3683
771.181,8,-36.6481,1.6992,-1.3742
771.205,8,-36.6247,1.6926,-1.3784
771.228,8,-36.6010,1.6858,-1.3828
771.250,8,-36.5772,1.6792,-1.3875
771.271,8,-36.5650,1.6758,-1.3904
771.295,8,-36.5291,1.6676,-1.3986
771.317,8,-36.5165,1.6665,-1.4020
771.339,8,-36.4788,1.6625,-1.4115
771.362,8,-36.4533,1.6621,-1.4184
771.386,8,-36.4281,1.6626,-1.4255
771.412,8,-36.4026,1.6662,-1.4326
771.434,8,-36.3771,1.6713,-1.4391
771.456,8,-36.3523,1.6761,-1.4450
771.479,8,-36.3287,1.6798,-1.4501
771.501,8,-36.3059,1.6830,-1.4544
771.524,8,-36.2833,1.6877,-1.4578
771.547,8,-36.2603,1.6934,-1.4607
771.568,8,-36.2370,1.6999,-1.4630
771.591,8,-36.2027,1.7088,-1.4659
771.612,8,-36.1800,1.7133,-1.4670
771.633,8,-36.1575,1.7162,-1.4680
771.659,8,-36.1127,1.7196,-1.4699
771.685,8,-36.0901,1.7164,-1.4701
771.713,8,-36.0671,1.7113,-1.4704
771.739,8,-36.0438,1.7051,-1.4707
771.759,8,-36.0205,1.6988,-1.4709
771.780,8,-35.9974,1.6919,-1.4710
771.804,8,-35.9740,1.6841,-1.4708
771.825,8,-35.9503,1.6776,-1.4704
771.846,8,-35.9265,1.6727,-1.4697
771.867,8,-35.9028,1.6696,-1.4690
771.889,8,-35.8792,1.6674,-1.4681
771.911,8,-35.8561,1.6663,-1.4672
771.933,8,-35.8336,1.6658,-1.4665
771.955,8,-35.8125,1.6666,-1.4661
771.976,8,-35.7913,1.6710,-1.4657
772.000,8,-35.7708,1.6756,-1.4658
772.022,8,-35.7507,1.6794,-1.4663
772.043,8,-35.7314,1.6831,-1.4673
772.066,8,-35.7124,1.6880,-1.4691
772.088,8,-35.6940,1.6933,-1.4711
772.113,8,-35.6852,1.6971,-1.4725
772.138,8,-35.6586,1.7064,-1.4760
772.160,8,-35.6417,1.7115,-1.4783
772.180,8,-35.6336,1.7135,-1.4797
772.201,8,-35.6165,1.7167,-1.4821
772.220,8,-35.5992,1.7181,-1.4845
772.240,8,-35.5821,1.7177,-1.4869
772.260,8,-35.5646,1.7161,-1.4894
772.286,8,-35.5471,1.7135,-1.4918
772.310,8,-35.5204,1.7092,-1.4957
772.331,8,-35.5113,1.7057,-1.4972
772.351,8,-35.4933,1.7007,-1.5002
772.373,8,-35.4758,1.6961,-1.5031
772.398,8,-35.4495,1.6909,-1.5080
772.421,8,-35.4407,1.6902,-1.5102
772.445,8,-35.4151,1.6863,-1.5156
772.465,8,-35.4068,1.6851,-1.5179
772.486,8,-35.3901,1.6825,-1.5220
772.507,8,-35.3737,1.6818,-1.5258
772.530,8,-35.3581,1.6827,-1.5293
772.550,8,-35.3430,1.6861,-1.5322
772.572,8,-35.3289,1.6889,-1.5346
772.595,8,-35.3236,1.6900,-1.5352
772.621,8,-35.3054,1.6948,-1.5376
772.645,8,-35.2949,1.6998,-1.5382
772.667,8,-35.2844,1.7051,-1.5388
772.688,8,-35.2740,1.7112,-1.5392
772.710,8,-35.2644,1.7159,-1.5393
772.730,8,-35.2558,1.7192,-1.5405
772.751,8,-35.2482,1.7207,-1.5405
772.773,8,-35.2411,1.7210,-1.5407
772.795,8,-35.2386,1.7196,-1.5405
772.816,8,-35.2325,1.7182,-1.5406
772.836,8,-35.2276,1.7162,-1.5416
772.858,8,-35.2231,1.7139,-1.5416
772.884,8,-35.2170,1.7118,-1.5427
772.904,8,-35.2153,1.7136,-1.5423
772.924,8,-35.2116,1.7156,-1.5425
772.945,8,-35.2084,1.7176,-1.5424
772.967,8,-35.2056,1.7190,-1.5419
772.992,8,-35.2035,1.7198,-1.5422
773.016,8,-35.1995,1.7205,-1.5416
773.037,8,-35.1972,1.7205,-1.5415
773.059,8,-35.1963,1.7202,-1.5414
773.081,8,-35.1944,1.7197,-1.5414
773.101,8,-35.1926,1.7193,-1.5411
773.124,8,-35.1911,1.7191,-1.5404
773.147,8,-35.1901,1.7189,-1.5404
773.168,8,-35.1896,1.7187,-1.5406
773.190,8,-35.1894,1.7186,-1.5405
773.210,8,-35.1892,1.7185,-1.5399
773.232,8,-35.1890,1.7188,-1.5395
773.255,8,-35.1889,1.7193,-1.5387
773.278,8,-35.1893,1.7196,-1.5378
773.299,8,-35.1896,1.7198,-1.5366
773.321,8,-35.1901,1.7196,-1.5351
773.344,8,-35.1909,1.7189,-1.5342
773.366,8,-35.1922,1.7184,-1.5333
773.390,8,-35.1937,1.7182,-1.5329
773.413,8,-35.1952,1.7181,-1.5293
773.434,8,-35.1964,1.7185,-1.5292
773.456,8,-35.1986,1.7188,-1.5291
773.482,8,-35.2022,1.7189,-1.5289
773.501,8,-35.2039,1.7190,-1.5292
773.522,8,-35.2055,1.7191,-1.5293
773.544,8,-35.2082,1.7189,-1.5293
773.566,8,-35.2111,1.7183,-1.5294

# --- Trial 9 start ---
780.622,9,-39.7668,1.7216,-1.0368
780.771,9,-39.7660,1.7215,-1.0333
780.815,9,-39.7650,1.7213,-1.0318
780.845,9,-39.7642,1.7210,-1.0307
780.868,9,-39.7633,1.7208,-1.0299
780.895,9,-39.7622,1.7206,-1.0290
780.921,9,-39.7609,1.7201,-1.0280
780.948,9,-39.7586,1.7195,-1.0264
780.973,9,-39.7568,1.7188,-1.0252
780.996,9,-39.7547,1.7181,-1.0241
781.020,9,-39.7521,1.7174,-1.0228
781.043,9,-39.7494,1.7168,-1.0217
781.067,9,-39.7459,1.7161,-1.0209
781.093,9,-39.7405,1.7140,-1.0199
781.118,9,-39.7361,1.7108,-1.0198
781.143,9,-39.7305,1.7093,-1.0205
781.167,9,-39.7219,1.7081,-1.0219
781.192,9,-39.7162,1.7070,-1.0238
781.220,9,-39.7114,1.7058,-1.0259
781.247,9,-39.7039,1.7054,-1.0292
781.278,9,-39.6956,1.7066,-1.0331
781.308,9,-39.6899,1.7070,-1.0355
781.333,9,-39.6822,1.7064,-1.0387
781.357,9,-39.6779,1.7043,-1.0404
781.380,9,-39.6691,1.7114,-1.0423
781.403,9,-39.6607,1.7154,-1.0447
781.428,9,-39.6538,1.7137,-1.0464
781.454,9,-39.6443,1.7115,-1.0483
781.478,9,-39.6368,1.7117,-1.0492
781.501,9,-39.6288,1.7107,-1.0502
781.528,9,-39.6199,1.7084,-1.0511
781.551,9,-39.6105,1.7068,-1.0521
781.573,9,-39.6009,1.7051,-1.0529
781.595,9,-39.5904,1.7030,-1.0531
781.617,9,-39.5795,1.7017,-1.0535
781.639,9,-39.5674,1.7006,-1.0537
781.663,9,-39.5547,1.6995,-1.0538
781.685,9,-39.5410,1.6978,-1.0539
781.708,9,-39.5263,1.6955,-1.0537
781.732,9,-39.5107,1.6925,-1.0536
781.759,9,-39.4863,1.6873,-1.0529
781.785,9,-39.4681,1.6830,-1.0526
781.810,9,-39.4401,1.6763,-1.0520
781.833,9,-39.4293,1.6728,-1.0514
781.858,9,-39.3989,1.6646,-1.0500
781.883,9,-39.3770,1.6596,-1.0486
781.908,9,-39.3546,1.6555,-1.0468
781.932,9,-39.3211,1.6517,-1.0439
781.956,9,-39.2983,1.6520,-1.0413
781.980,9,-39.2758,1.6544,-1.0387
782.004,9,-39.2533,1.6605,-1.0361
782.028,9,-39.2312,1.6677,-1.0342
782.051,9,-39.2102,1.6743,-1.0327
782.077,9,-39.1807,1.6825,-1.0316
782.102,9,-39.1621,1.6883,-1.0323
782.128,9,-39.1426,1.6945,-1.0331
782.151,9,-39.1224,1.7007,-1.0343
782.173,9,-39.1020,1.7066,-1.0359
782.197,9,-39.0814,1.7110,-1.0380
782.224,9,-39.0506,1.7160,-1.0414
782.251,9,-39.0297,1.7158,-1.0440
782.281,9,-39.0081,1.7135,-1.0469
782.307,9,-38.9757,1.7083,-1.0511
782.331,9,-38.9535,1.7024,-1.0541
782.354,9,-38.9309,1.6963,-1.0574
782.381,9,-38.8967,1.6856,-1.0624
782.404,9,-38.8732,1.6779,-1.0661
782.428,9,-38.8492,1.6711,-1.0704
782.451,9,-38.8245,1.6658,-1.0750
782.477,9,-38.7989,1.6634,-1.0798
782.506,9,-38.7592,1.6621,-1.0883
782.539,9,-38.7194,1.6649,-1.0970
782.568,9,-38.6657,1.6749,-1.1081
782.597,9,-38.6127,1.6868,-1.1182
782.624,9,-38.5877,1.6921,-1.1211
782.655,9,-38.5639,1.6941,-1.1222
782.678,9,-38.5399,1.6990,-1.1236
782.702,9,-38.5155,1.7047,-1.1242
782.725,9,-38.4904,1.7103,-1.1249
782.748,9,-38.4654,1.7147,-1.1257
782.772,9,-38.4408,1.7172,-1.1262
782.795,9,-38.4158,1.7178,-1.1269
782.818,9,-38.3652,1.7182,-1.1284
782.841,9,-38.3389,1.7139,-1.1289
782.866,9,-38.3122,1.7076,-1.1292
782.890,9,-38.2851,1.6996,-1.1296
782.916,9,-38.2580,1.6895,-1.1297
782.941,9,-38.2310,1.6795,-1.1293
782.965,9,-38.2032,1.6697,-1.1286
782.988,9,-38.1746,1.6627,-1.1278
783.013,9,-38.1458,1.6588,-1.1265
783.036,9,-38.1177,1.6562,-1.1250
783.062,9,-38.0621,1.6531,-1.1227
783.087,9,-38.0491,1.6589,-1.1219
783.111,9,-38.0355,1.6669,-1.1216
783.135,9,-37.9965,1.6751,-1.1215
783.159,9,-37.9728,1.6782,-1.1227
783.181,9,-37.9501,1.6833,-1.1249
783.204,9,-37.9382,1.6893,-1.1271
783.234,9,-37.8902,1.7038,-1.1327
783.266,9,-37.8544,1.7136,-1.1386
783.294,9,-37.8186,1.7196,-1.1445
783.322,9,-37.7943,1.7184,-1.1491
783.349,9,-37.7699,1.7151,-1.1535
783.374,9,-37.7328,1.7113,-1.1604
783.398,9,-37.7079,1.7057,-1.1653
783.421,9,-37.6829,1.6976,-1.1705
783.444,9,-37.6573,1.6897,-1.1762
783.465,9,-37.6322,1.6821,-1.1822
783.489,9,-37.6068,1.6743,-1.1884
783.510,9,-37.5806,1.6684,-1.1950
783.533,9,-37.5667,1.6680,-1.1989
783.559,9,-37.5264,1.6643,-1.2099
783.585,9,-37.4863,1.6622,-1.2212
783.609,9,-37.4599,1.6624,-1.2289
783.630,9,-37.4459,1.6697,-1.2330
783.653,9,-37.4061,1.6759,-1.2433
783.675,9,-37.3807,1.6799,-1.2492
783.698,9,-37.3563,1.6838,-1.2538
783.721,9,-37.3318,1.6903,-1.2578
783.745,9,-37.3071,1.6979,-1.2617
783.768,9,-37.2817,1.7059,-1.2650
783.791,9,-37.2563,1.7120,-1.2682
783.819,9,-37.2313,1.7155,-1.2710
783.844,9,-37.1935,1.7179,-1.2759
783.870,9,-37.1686,1.7158,-1.2789
783.896,9,-37.1429,1.7122,-1.2821
783.920,9,-37.1171,1.7078,-1.2853
783.941,9,-37.0910,1.7022,-1.2882
783.965,9,-37.0523,1.6925,-1.2923
783.987,9,-37.0393,1.6871,-1.2934
784.010,9,-37.0001,1.6765,-1.2970
784.032,9,-36.9865,1.6733,-1.2975
784.056,9,-36.9598,1.6691,-1.2990
784.081,9,-36.9329,1.6662,-1.3003
784.105,9,-36.9062,1.6642,-1.3013
784.127,9,-36.8803,1.6645,-1.3024
784.154,9,-36.8413,1.6701,-1.3041
784.179,9,-36.8163,1.6758,-1.3058
784.201,9,-36.7929,1.6793,-1.3081
784.224,9,-36.7712,1.6815,-1.3114
784.246,9,-36.7495,1.6869,-1.3148
784.269,9,-36.7277,1.6937,-1.3185
784.292,9,-36.7172,1.6975,-1.3211
784.312,9,-36.6845,1.7074,-1.3275
784.335,9,-36.6627,1.7136,-1.3321
784.357,9,-36.6413,1.7174,-1.3368
784.380,9,-36.6196,1.7201,-1.3415
784.404,9,-36.5977,1.7202,-1.3463
784.426,9,-36.5757,1.7192,-1.3510
784.448,9,-36.5533,1.7167,-1.3557
784.469,9,-36.5304,1.7127,-1.3605
784.490,9,-36.5076,1.7069,-1.3655
784.514,9,-36.4847,1.6998,-1.3709
784.536,9,-36.4617,1.6928,-1.3763
784.563,9,-36.4264,1.6821,-1.3850
784.589,9,-36.4028,1.6761,-1.3914
784.616,9,-36.3787,1.6724,-1.3984
784.642,9,-36.3420,1.6680,-1.4091
784.669,9,-36.3173,1.6672,-1.4170
784.691,9,-36.2929,1.6682,-1.4246
784.713,9,-36.2682,1.6725,-1.4321
784.736,9,-36.2440,1.6773,-1.4390
784.757,9,-36.2206,1.6808,-1.4452
784.779,9,-36.1977,1.6830,-1.4503
784.802,9,-36.1752,1.6874,-1.4542
784.825,9,-36.1526,1.6931,-1.4581
784.854,9,-36.1306,1.6998,-1.4612
784.882,9,-36.0973,1.7086,-1.4654
784.905,9,-36.0754,1.7134,-1.4676
784.926,9,-36.0538,1.7165,-1.4695
784.949,9,-36.0323,1.7179,-1.4713
784.971,9,-36.0104,1.7181,-1.4731
784.993,9,-35.9886,1.7165,-1.4747
785.017,9,-35.9665,1.7130,-1.4758
785.037,9,-35.9446,1.7086,-1.4767
785.059,9,-35.9222,1.7027,-1.4773
785.082,9,-35.8995,1.6962,-1.4778
785.103,9,-35.8767,1.6900,-1.4778
785.125,9,-35.8540,1.6850,-1.4775
785.147,9,-35.8313,1.6812,-1.4768
785.169,9,-35.8087,1.6778,-1.4758
785.191,9,-35.7866,1.6750,-1.4747
785.211,9,-35.7649,1.6724,-1.4736
785.233,9,-35.7549,1.6729,-1.4729
785.257,9,-35.7231,1.6751,-1.4712
785.282,9,-35.7027,1.6777,-1.4707
785.308,9,-35.6835,1.6808,-1.4708
785.329,9,-35.6645,1.6843,-1.4711
785.350,9,-35.6458,1.6895,-1.4717
785.374,9,-35.6280,1.6955,-1.4727
785.395,9,-35.6107,1.7014,-1.4737
785.416,9,-35.5947,1.7064,-1.4748
785.438,9,-35.5791,1.7102,-1.4760
785.461,9,-35.5638,1.7132,-1.4772
785.486,9,-35.5407,1.7172,-1.4791
785.510,9,-35.5256,1.7172,-1.4807
785.533,9,-35.5109,1.7153,-1.4826
785.556,9,-35.4966,1.7114,-1.4845
785.577,9,-35.4820,1.7078,-1.4866
785.599,9,-35.4672,1.7052,-1.4889
785.625,9,-35.4526,1.7030,-1.4917
785.652,9,-35.4390,1.7004,-1.4950
785.678,9,-35.4195,1.6968,-1.5001
785.705,9,-35.4071,1.6957,-1.5043
785.727,9,-35.3942,1.6954,-1.5087
785.748,9,-35.3812,1.6955,-1.5132
785.770,9,-35.3679,1.6962,-1.5179
785.793,9,-35.3547,1.6986,-1.5222
785.814,9,-35.3419,1.7008,-1.5260
785.836,9,-35.3299,1.7018,-1.5293
785.857,9,-35.3188,1.7025,-1.5320
785.879,9,-35.3088,1.7037,-1.5360
785.901,9,-35.2992,1.7055,-1.5373
785.924,9,-35.2896,1.7087,-1.5384
785.946,9,-35.2805,1.7118,-1.5389
785.968,9,-35.2722,1.7146,-1.5394
785.993,9,-35.2652,1.7167,-1.5394
786.015,9,-35.2590,1.7182,-1.5397
786.035,9,-35.2532,1.7190,-1.5397
786.058,9,-35.2482,1.7188,-1.5398
786.079,9,-35.2443,1.7177,-1.5402
786.100,9,-35.2412,1.7158,-1.5402
786.123,9,-35.2390,1.7134,-1.5403
786.147,9,-35.2367,1.7117,-1.5403
786.169,9,-35.2338,1.7126,-1.5399
786.193,9,-35.2278,1.7145,-1.5390
786.215,9,-35.2257,1.7155,-1.5385
786.238,9,-35.2238,1.7162,-1.5378
786.259,9,-35.2216,1.7168,-1.5371
786.282,9,-35.2194,1.7172,-1.5365
786.303,9,-35.2169,1.7174,-1.5359
786.324,9,-35.2145,1.7177,-1.5355
786.345,9,-35.2121,1.7176,-1.5349
786.368,9,-35.2097,1.7176,-1.5344
786.388,9,-35.2075,1.7173,-1.5339
786.409,9,-35.2056,1.7174,-1.5340
786.433,9,-35.2035,1.7173,-1.5335
786.456,9,-35.2013,1.7170,-1.5330
786.478,9,-35.1994,1.7164,-1.5325
786.506,9,-35.1976,1.7155,-1.5319
786.531,9,-35.1958,1.7151,-1.5313
786.557,9,-35.1943,1.7150,-1.5309
786.588,9,-35.1914,1.7147,-1.5300

# --- Trial 10 start ---
793.756,10,-39.6377,1.7258,-1.0744
793.909,10,-39.6420,1.7258,-1.0732
793.960,10,-39.6444,1.7263,-1.0723
793.985,10,-39.6454,1.7268,-1.0720
794.008,10,-39.6460,1.7271,-1.0716
794.034,10,-39.6468,1.7272,-1.0712
794.058,10,-39.6473,1.7275,-1.0710
794.081,10,-39.6474,1.7276,-1.0706
794.106,10,-39.6474,1.7276,-1.0700
794.130,10,-39.6467,1.7276,-1.0695
794.153,10,-39.6457,1.7275,-1.0691
794.177,10,-39.6439,1.7275,-1.0685
794.201,10,-39.6415,1.7275,-1.0681
794.225,10,-39.6389,1.7269,-1.0680
794.248,10,-39.6353,1.7252,-1.0684
794.273,10,-39.6293,1.7236,-1.0700
794.298,10,-39.6239,1.7235,-1.0722
794.321,10,-39.6188,1.7231,-1.0748
794.344,10,-39.6141,1.7213,-1.0778
794.368,10,-39.6096,1.7190,-1.0810
794.390,10,-39.6051,1.7174,-1.0842
794.415,10,-39.6007,1.7160,-1.0874
794.438,10,-39.5949,1.7135,-1.0923
794.460,10,-39.5916,1.7117,-1.0955
794.483,10,-39.5888,1.7093,-1.0986
794.506,10,-39.5887,1.7073,-1.0999
794.530,10,-39.5802,1.7172,-1.1049
794.555,10,-39.5745,1.7218,-1.1084
794.579,10,-39.5704,1.7198,-1.1114
794.601,10,-39.5673,1.7181,-1.1139
794.623,10,-39.5632,1.7173,-1.1158
794.648,10,-39.5581,1.7167,-1.1176
794.673,10,-39.5491,1.7156,-1.1206
794.697,10,-39.5419,1.7146,-1.1227
794.722,10,-39.5346,1.7126,-1.1248
794.745,10,-39.5270,1.7104,-1.1267
794.770,10,-39.5149,1.7088,-1.1295
794.794,10,-39.5054,1.7089,-1.1318
794.819,10,-39.4953,1.7077,-1.1337
794.844,10,-39.4846,1.7057,-1.1361
794.869,10,-39.4679,1.7027,-1.1398
794.891,10,-39.4612,1.7011,-1.1412
794.915,10,-39.4422,1.6969,-1.1452
794.938,10,-39.4347,1.6948,-1.1469
794.965,10,-39.4136,1.6893,-1.1514
794.988,10,-39.3980,1.6838,-1.1536
795.012,10,-39.3822,1.6784,-1.1557
795.035,10,-39.3658,1.6733,-1.1574
795.059,10,-39.3482,1.6679,-1.1580
795.083,10,-39.3209,1.6608,-1.1575
795.106,10,-39.3099,1.6597,-1.1560
795.131,10,-39.2801,1.6556,-1.1529
795.154,10,-39.2588,1.6548,-1.1490
795.177,10,-39.2375,1.6556,-1.1441
795.200,10,-39.1944,1.6581,-1.1342
795.222,10,-39.1732,1.6630,-1.1276
795.245,10,-39.1522,1.6684,-1.1214
795.269,10,-39.1325,1.6740,-1.1155
795.294,10,-39.1136,1.6788,-1.1102
795.318,10,-39.0729,1.6906,-1.1004
795.341,10,-39.0523,1.6985,-1.0984
795.368,10,-39.0301,1.7057,-1.0969
795.393,10,-39.0095,1.7108,-1.0960
795.417,10,-38.9872,1.7138,-1.0953
795.440,10,-38.9642,1.7140,-1.0950
795.463,10,-38.9415,1.7117,-1.0942
795.486,10,-38.9181,1.7073,-1.0940
795.511,10,-38.8941,1.7003,-1.0941
795.534,10,-38.8692,1.6924,-1.0942
795.557,10,-38.8437,1.6842,-1.0947
795.580,10,-38.8180,1.6749,-1.0962
795.605,10,-38.7931,1.6660,-1.0975
795.632,10,-38.7432,1.6512,-1.1009
795.655,10,-38.7165,1.6468,-1.1043
795.682,10,-38.6882,1.6479,-1.1092
795.705,10,-38.6604,1.6491,-1.1137
795.728,10,-38.6459,1.6528,-1.1172
795.751,10,-38.6323,1.6559,-1.1199
795.773,10,-38.6045,1.6622,-1.1241
795.794,10,-38.5775,1.6683,-1.1277
795.818,10,-38.5379,1.6762,-1.1324
795.841,10,-38.5131,1.6804,-1.1339
795.864,10,-38.4878,1.6844,-1.1347
795.886,10,-38.4621,1.6907,-1.1353
795.909,10,-38.4370,1.6969,-1.1362
795.931,10,-38.4120,1.7024,-1.1368
795.954,10,-38.3866,1.7071,-1.1377
795.976,10,-38.3614,1.7103,-1.1388
795.999,10,-38.3228,1.7121,-1.1404
796.022,10,-38.3108,1.7083,-1.1407
796.044,10,-38.2847,1.7048,-1.1419
796.068,10,-38.2447,1.6990,-1.1437
796.092,10,-38.2172,1.6918,-1.1447
796.116,10,-38.1734,1.6792,-1.1461
796.140,10,-38.1453,1.6692,-1.1467
796.161,10,-38.1170,1.6597,-1.1470
796.184,10,-38.0880,1.6528,-1.1470
796.208,10,-38.0579,1.6488,-1.1469
796.230,10,-38.0274,1.6471,-1.1463
796.254,10,-37.9976,1.6461,-1.1456
796.278,10,-37.9692,1.6473,-1.1455
796.302,10,-37.9404,1.6525,-1.1453
796.325,10,-37.8971,1.6616,-1.1457
796.347,10,-37.8701,1.6667,-1.1472
796.370,10,-37.8457,1.6700,-1.1496
796.392,10,-37.8221,1.6767,-1.1523
796.417,10,-37.7977,1.6855,-1.1552
796.441,10,-37.7721,1.6948,-1.1586
796.464,10,-37.7465,1.7031,-1.1619
796.490,10,-37.7210,1.7090,-1.1651
796.515,10,-37.6824,1.7147,-1.1699
796.541,10,-37.6562,1.7141,-1.1731
796.565,10,-37.6297,1.7114,-1.1760
796.588,10,-37.6027,1.7072,-1.1791
796.611,10,-37.5756,1.7014,-1.1824
796.633,10,-37.5485,1.6938,-1.1856
796.656,10,-37.5210,1.6846,-1.1892
796.678,10,-37.4932,1.6761,-1.1932
796.703,10,-37.4653,1.6678,-1.1977
796.727,10,-37.4229,1.6579,-1.2049
796.752,10,-37.3934,1.6552,-1.2109
796.776,10,-37.3642,1.6540,-1.2173
796.800,10,-37.3355,1.6535,-1.2237
796.823,10,-37.2940,1.6530,-1.2329
796.845,10,-37.2660,1.6600,-1.2392
796.867,10,-37.2522,1.6658,-1.2418
796.889,10,-37.2392,1.6686,-1.2437
796.913,10,-37.2124,1.6729,-1.2476
796.938,10,-37.1720,1.6821,-1.2526
796.961,10,-37.1454,1.6893,-1.2553
796.986,10,-37.1188,1.6966,-1.2576
797.009,10,-37.0921,1.7029,-1.2598
797.033,10,-37.0654,1.7073,-1.2620
797.056,10,-37.0254,1.7117,-1.2657
797.081,10,-36.9982,1.7107,-1.2682
797.104,10,-36.9708,1.7080,-1.2707
797.128,10,-36.9428,1.7031,-1.2733
797.154,10,-36.9144,1.6958,-1.2756
797.181,10,-36.8726,1.6840,-1.2788
797.207,10,-36.8442,1.6748,-1.2808
797.232,10,-36.8156,1.6675,-1.2828
797.256,10,-36.7866,1.6620,-1.2846
797.279,10,-36.7436,1.6551,-1.2873
797.300,10,-36.7296,1.6555,-1.2880
797.322,10,-36.7018,1.6544,-1.2897
797.344,10,-36.6747,1.6555,-1.2915
797.373,10,-36.6333,1.6620,-1.2951
797.397,10,-36.6074,1.6669,-1.2981
797.420,10,-36.5831,1.6706,-1.3017
797.442,10,-36.5589,1.6750,-1.3058
797.463,10,-36.5345,1.6812,-1.3104
797.485,10,-36.5109,1.6876,-1.3155
797.507,10,-36.4877,1.6944,-1.3207
797.531,10,-36.4644,1.7009,-1.3261
797.553,10,-36.4410,1.7059,-1.3316
797.578,10,-36.4177,1.7089,-1.3373
797.603,10,-36.3827,1.7113,-1.3458
797.626,10,-36.3592,1.7101,-1.3519
797.648,10,-36.3360,1.7072,-1.3582
797.672,10,-36.3124,1.7028,-1.3644
797.693,10,-36.3004,1.6989,-1.3678
797.715,10,-36.2648,1.6905,-1.3776
797.738,10,-36.2410,1.6832,-1.3845
797.761,10,-36.2170,1.6765,-1.3917
797.785,10,-36.1923,1.6714,-1.3993
797.808,10,-36.1674,1.6686,-1.4073
797.831,10,-36.1426,1.6663,-1.4154
797.855,10,-36.1190,1.6643,-1.4233
797.881,10,-36.0844,1.6642,-1.4349
797.906,10,-36.0611,1.6696,-1.4422
797.929,10,-36.0382,1.6731,-1.4490
797.953,10,-36.0155,1.6768,-1.4551
797.976,10,-35.9829,1.6830,-1.4632
797.999,10,-35.9629,1.6885,-1.4672
798.023,10,-35.9425,1.6957,-1.4709
798.050,10,-35.9222,1.7029,-1.4739
798.078,10,-35.9022,1.7084,-1.4768
798.102,10,-35.8700,1.7151,-1.4810
798.126,10,-35.8486,1.7180,-1.4826
798.149,10,-35.8273,1.7183,-1.4849
798.172,10,-35.8060,1.7173,-1.4869
798.197,10,-35.7740,1.7145,-1.4893
798.221,10,-35.7528,1.7096,-1.4903
798.246,10,-35.7313,1.7033,-1.4911
798.269,10,-35.7099,1.6968,-1.4915
798.291,10,-35.6990,1.6931,-1.4913
798.314,10,-35.6779,1.6885,-1.4913
798.341,10,-35.6469,1.6825,-1.4909
798.370,10,-35.6262,1.6798,-1.4905
798.401,10,-35.5962,1.6764,-1.4899
798.428,10,-35.5671,1.6770,-1.4893
798.452,10,-35.5488,1.6790,-1.4893
798.475,10,-35.5309,1.6821,-1.4894
798.499,10,-35.5138,1.6849,-1.4899
798.521,10,-35.4974,1.6880,-1.4906
798.544,10,-35.4820,1.6923,-1.4914
798.566,10,-35.4589,1.6990,-1.4928
798.591,10,-35.4527,1.7025,-1.4937
798.618,10,-35.4316,1.7098,-1.4957
798.641,10,-35.4181,1.7138,-1.4976
798.663,10,-35.4047,1.7165,-1.4992
798.685,10,-35.3912,1.7177,-1.5008
798.708,10,-35.3782,1.7182,-1.5027
798.736,10,-35.3590,1.7180,-1.5054
798.759,10,-35.3466,1.7165,-1.5074
798.780,10,-35.3411,1.7150,-1.5087
798.802,10,-35.3294,1.7137,-1.5112
798.824,10,-35.3131,1.7116,-1.5149
798.846,10,-35.3086,1.7107,-1.5163
798.870,10,-35.2941,1.7088,-1.5202
798.891,10,-35.2898,1.7091,-1.5217
798.915,10,-35.2809,1.7095,-1.5248
798.942,10,-35.2685,1.7089,-1.5289
798.967,10,-35.2613,1.7088,-1.5309
798.992,10,-35.2507,1.7099,-1.5339
799.014,10,-35.2483,1.7103,-1.5344
799.039,10,-35.2397,1.7118,-1.5368
799.066,10,-35.2325,1.7153,-1.5385
799.090,10,-35.2285,1.7178,-1.5393
799.114,10,-35.2273,1.7187,-1.5396
799.137,10,-35.2240,1.7199,-1.5404
799.159,10,-35.2211,1.7206,-1.5410
799.181,10,-35.2182,1.7212,-1.5415
799.206,10,-35.2141,1.7221,-1.5418
799.232,10,-35.2123,1.7215,-1.5416
799.255,10,-35.2104,1.7213,-1.5416
799.277,10,-35.2075,1.7211,-1.5417
799.298,10,-35.2067,1.7213,-1.5415
799.320,10,-35.2027,1.7222,-1.5409
799.342,10,-35.2008,1.7226,-1.5410
799.366,10,-35.1993,1.7224,-1.5415
799.388,10,-35.1979,1.7223,-1.5416
799.413,10,-35.1962,1.7219,-1.5410
799.437,10,-35.1947,1.7215,-1.5409
799.461,10,-35.1936,1.7211,-1.5410
799.483,10,-35.1918,1.7208,-1.5409
799.512,10,-35.1903,1.7206,-1.5412
799.534,10,-35.1897,1.7204,-1.5418
799.557,10,-35.1890,1.7204,-1.5419
799.586,10,-35.1890,1.7206,-1.5430
799.611,10,-35.1885,1.7202,-1.5428
799.632,10,-35.1884,1.7200,-1.5440
799.654,10,-35.1878,1.7201,-1.5423
799.675,10,-35.1875,1.7202,-1.5425
799.696,10,-35.1872,1.7206,-1.5426
799.718,10,-35.1867,1.7208,-1.5427
799.740,10,-35.1864,1.7208,-1.5430
