timestamp, HMD_x, HMD_y,HMD_z

# --- Trial 1 start ---
2.568,1,-37.2300,0.8941,-0.6900
2.579,1,-37.2300,0.8941,-0.6900
2.589,1,-37.2300,0.8941,-0.6900
2.604,1,-37.2300,0.8941,-0.6900
2.611,1,-37.2300,0.8941,-0.6900
2.619,1,-37.2300,0.8941,-0.6900
2.627,1,-37.2300,0.8941,-0.6900
2.637,1,-37.2300,0.8941,-0.6900
2.648,1,-37.2300,0.8941,-0.6900
2.659,1,-37.2300,0.8941,-0.6900
2.670,1,-37.2300,0.8941,-0.6900
2.681,1,-37.2300,0.8941,-0.6900
2.693,1,-37.2300,0.8941,-0.6900
2.704,1,-37.2300,0.8941,-0.6900
2.715,1,-37.2300,0.8941,-0.6900
2.726,1,-37.2300,0.8941,-0.6900
2.737,1,-37.2300,0.8941,-0.6900
2.748,1,-37.2300,0.8941,-0.6900
2.759,1,-37.2300,0.8941,-0.6900
2.771,1,-37.2300,0.8941,-0.6900
2.791,1,-37.2300,0.8941,-0.6900
2.802,1,-37.2300,0.8941,-0.6900

# --- Trial 2 start ---
3.048,2,-37.2300,0.8941,-0.6900
3.069,2,-37.2300,0.8941,-0.6900
3.076,2,-37.2300,0.8941,-0.6900
3.084,2,-37.2300,0.8941,-0.6900
3.092,2,-37.2300,0.8941,-0.6900
3.103,2,-37.2300,0.8941,-0.6900
3.114,2,-37.2300,0.8941,-0.6900
3.126,2,-37.2300,0.8941,-0.6900
3.136,2,-37.2300,0.8941,-0.6900
3.147,2,-37.2300,0.8941,-0.6900
3.159,2,-37.2300,0.8941,-0.6900
3.170,2,-37.2300,0.8941,-0.6900
3.181,2,-37.2300,0.8941,-0.6900

# --- Trial 3 start ---
3.448,3,-37.2300,0.8941,-0.6900
3.468,3,-37.2300,0.8941,-0.6900
3.479,3,-37.2300,0.8941,-0.6900
3.492,3,-37.2300,0.8941,-0.6900
3.513,3,-37.2300,0.8941,-0.6900
3.523,3,-37.2300,0.8941,-0.6900
3.536,3,-37.2300,0.8941,-0.6900
3.547,3,-37.2300,0.8941,-0.6900
3.559,3,-37.2300,0.8941,-0.6900
3.570,3,-37.2300,0.8941,-0.6900
3.581,3,-37.2300,0.8941,-0.6900
3.592,3,-37.2300,0.8941,-0.6900
3.603,3,-37.2300,0.8941,-0.6900
3.616,3,-37.2300,0.8941,-0.6900
3.637,3,-37.2300,0.8941,-0.6900
3.646,3,-37.2300,0.8941,-0.6900
3.657,3,-37.2300,0.8941,-0.6900

# --- Trial 4 start ---
4.026,4,-37.2300,0.8941,-0.6900
4.046,4,-37.2300,0.8941,-0.6900
4.056,4,-37.2300,0.8941,-0.6900
4.069,4,-37.2300,0.8941,-0.6900
4.081,4,-37.2300,0.8941,-0.6900
4.092,4,-37.2300,0.8941,-0.6900
4.103,4,-37.2300,0.8941,-0.6900
4.114,4,-37.2300,0.8941,-0.6900
4.125,4,-37.2300,0.8941,-0.6900
4.136,4,-37.2300,0.8941,-0.6900
4.147,4,-37.2300,0.8941,-0.6900
4.159,4,-37.2300,0.8941,-0.6900
4.171,4,-37.2300,0.8941,-0.6900
4.190,4,-37.2300,0.8941,-0.6900
4.198,4,-37.2300,0.8941,-0.6900
4.206,4,-37.2300,0.8941,-0.6900
4.214,4,-37.2300,0.8941,-0.6900
4.225,4,-37.2300,0.8941,-0.6900
4.236,4,-37.2300,0.8941,-0.6900
4.249,4,-37.2300,0.8941,-0.6900
4.270,4,-37.2300,0.8941,-0.6900
4.279,4,-37.2300,0.8941,-0.6900
4.292,4,-37.2300,0.8941,-0.6900
4.303,4,-37.2300,0.8941,-0.6900
4.314,4,-37.2300,0.8941,-0.6900
4.325,4,-37.2300,0.8941,-0.6900
4.336,4,-37.2300,0.8941,-0.6900
4.347,4,-37.2300,0.8941,-0.6900
4.358,4,-37.2300,0.8941,-0.6900

# --- Trial 5 start ---
4.648,5,-37.2300,0.8941,-0.6900
4.668,5,-37.2300,0.8941,-0.6900
4.676,5,-37.2300,0.8941,-0.6900
4.684,5,-37.2300,0.8941,-0.6900
4.692,5,-37.2300,0.8941,-0.6900
4.703,5,-37.2300,0.8941,-0.6900
4.714,5,-37.2300,0.8941,-0.6900
4.726,5,-37.2300,0.8941,-0.6900
4.736,5,-37.2300,0.8941,-0.6900
4.747,5,-37.2300,0.8941,-0.6900
4.758,5,-37.2300,0.8941,-0.6900
4.769,5,-37.2300,0.8941,-0.6900
4.780,5,-37.2300,0.8941,-0.6900
4.792,5,-37.2300,0.8941,-0.6900
4.812,5,-37.2300,0.8941,-0.6900
4.823,5,-37.2300,0.8941,-0.6900
4.836,5,-37.2300,0.8941,-0.6900
4.847,5,-37.2300,0.8941,-0.6900
4.858,5,-37.2300,0.8941,-0.6900
4.871,5,-37.2300,0.8941,-0.6900
4.892,5,-37.2300,0.8941,-0.6900
4.900,5,-37.2300,0.8941,-0.6900

# --- Trial 6 start ---
5.193,6,-37.2300,0.8941,-0.6900
5.212,6,-37.2300,0.8941,-0.6900
5.220,6,-37.2300,0.8941,-0.6900
5.226,6,-37.2300,0.8941,-0.6900
5.235,6,-37.2300,0.8941,-0.6900
5.246,6,-37.2300,0.8941,-0.6900
5.258,6,-37.2300,0.8941,-0.6900
5.269,6,-37.2300,0.8941,-0.6900
5.285,6,-37.2300,0.8941,-0.6900
5.302,6,-37.2300,0.8941,-0.6900
5.312,6,-37.2300,0.8941,-0.6900
5.324,6,-37.2300,0.8941,-0.6900
5.336,6,-37.2300,0.8941,-0.6900
5.356,6,-37.2300,0.8941,-0.6900
5.367,6,-37.2300,0.8941,-0.6900
5.380,6,-37.2300,0.8941,-0.6900
5.391,6,-37.2300,0.8941,-0.6900
5.402,6,-37.2300,0.8941,-0.6900

# --- Trial 7 start ---
5.715,7,-37.2300,0.8941,-0.6900

# --- Trial 8 start ---
6.502,8,-37.2300,0.8941,-0.6900
6.523,8,-37.2300,0.8941,-0.6900
6.533,8,-37.2300,0.8941,-0.6900
6.546,8,-37.2300,0.8941,-0.6900
6.557,8,-37.2300,0.8941,-0.6900
6.568,8,-37.2300,0.8941,-0.6900
6.580,8,-37.2300,0.8941,-0.6900
6.590,8,-37.2300,0.8941,-0.6900
6.602,8,-37.2300,0.8941,-0.6900
6.613,8,-37.2300,0.8941,-0.6900
6.624,8,-37.2300,0.8941,-0.6900
6.635,8,-37.2300,0.8941,-0.6900
6.646,8,-37.2300,0.8941,-0.6900
6.658,8,-37.2300,0.8941,-0.6900
6.678,8,-37.2300,0.8941,-0.6900
6.686,8,-37.2300,0.8941,-0.6900
6.693,8,-37.2300,0.8941,-0.6900
6.702,8,-37.2300,0.8941,-0.6900
6.713,8,-37.2300,0.8941,-0.6900
6.726,8,-37.2300,0.8941,-0.6900
6.747,8,-37.2300,0.8941,-0.6900
6.755,8,-37.2300,0.8941,-0.6900
6.768,8,-37.2300,0.8941,-0.6900
6.779,8,-37.2300,0.8941,-0.6900
6.790,8,-37.2300,0.8941,-0.6900
6.802,8,-37.2300,0.8941,-0.6900
6.813,8,-37.2300,0.8941,-0.6900
6.824,8,-37.2300,0.8941,-0.6900

# --- Trial 9 start ---
7.361,9,-37.2300,0.8941,-0.6900
7.378,9,-37.2300,0.8941,-0.6900
7.385,9,-37.2300,0.8941,-0.6900
7.393,9,-37.2300,0.8941,-0.6900
7.402,9,-37.2300,0.8941,-0.6900
7.413,9,-37.2300,0.8941,-0.6900
7.424,9,-37.2300,0.8941,-0.6900
7.435,9,-37.2300,0.8941,-0.6900
7.446,9,-37.2300,0.8941,-0.6900
7.457,9,-37.2300,0.8941,-0.6900
7.468,9,-37.2300,0.8941,-0.6900
7.479,9,-37.2300,0.8941,-0.6900
7.491,9,-37.2300,0.8941,-0.6900
7.502,9,-37.2300,0.8941,-0.6900
7.522,9,-37.2300,0.8941,-0.6900
7.530,9,-37.2300,0.8941,-0.6900
7.537,9,-37.2300,0.8941,-0.6900
7.546,9,-37.2300,0.8941,-0.6900
7.559,9,-37.2300,0.8941,-0.6900
7.579,9,-37.2300,0.8941,-0.6900
7.588,9,-37.2300,0.8941,-0.6900
7.601,9,-37.2300,0.8941,-0.6900
7.612,9,-37.2300,0.8941,-0.6900
7.623,9,-37.2300,0.8941,-0.6900
7.634,9,-37.2300,0.8941,-0.6900
7.646,9,-37.2300,0.8941,-0.6900
7.657,9,-37.2300,0.8941,-0.6900
7.668,9,-37.2300,0.8941,-0.6900
7.679,9,-37.2300,0.8941,-0.6900
7.690,9,-37.2300,0.8941,-0.6900
7.701,9,-37.2300,0.8941,-0.6900

# --- Trial 10 start ---
8.047,10,-37.2300,0.8941,-0.6900
8.066,10,-37.2300,0.8941,-0.6900
8.073,10,-37.2300,0.8941,-0.6900
8.081,10,-37.2300,0.8941,-0.6900
8.090,10,-37.2300,0.8941,-0.6900
8.101,10,-37.2300,0.8941,-0.6900
8.112,10,-37.2300,0.8941,-0.6900
8.123,10,-37.2300,0.8941,-0.6900
8.134,10,-37.2300,0.8941,-0.6900
8.146,10,-37.2300,0.8941,-0.6900
8.156,10,-37.2300,0.8941,-0.6900
8.168,10,-37.2300,0.8941,-0.6900
8.180,10,-37.2300,0.8941,-0.6900
8.201,10,-37.2300,0.8941,-0.6900
8.222,10,-37.2300,0.8941,-0.6900
8.233,10,-37.2300,0.8941,-0.6900
8.245,10,-37.2300,0.8941,-0.6900
8.256,10,-37.2300,0.8941,-0.6900
8.267,10,-37.2300,0.8941,-0.6900
8.279,10,-37.2300,0.8941,-0.6900
8.290,10,-37.2300,0.8941,-0.6900
8.301,10,-37.2300,0.8941,-0.6900
8.312,10,-37.2300,0.8941,-0.6900
8.323,10,-37.2300,0.8941,-0.6900
8.334,10,-37.2300,0.8941,-0.6900
8.346,10,-37.2300,0.8941,-0.6900
8.356,10,-37.2300,0.8941,-0.6900
8.367,10,-37.2300,0.8941,-0.6900
8.379,10,-37.2300,0.8941,-0.6900
8.391,10,-37.2300,0.8941,-0.6900

# --- Trial 1 start ---
2.161,1,-37.2300,0.8941,-0.6900
2.174,1,-37.2300,0.8941,-0.6900
2.181,1,-37.2300,0.8941,-0.6900
2.192,1,-37.2300,0.8941,-0.6900
2.207,1,-37.2300,0.8941,-0.6900
2.213,1,-37.2300,0.8941,-0.6900
2.220,1,-37.2300,0.8941,-0.6900
2.231,1,-37.2300,0.8941,-0.6900
2.242,1,-37.2300,0.8941,-0.6900
2.253,1,-37.2300,0.8941,-0.6900
2.264,1,-37.2300,0.8941,-0.6900
2.277,1,-37.2300,0.8941,-0.6900
2.299,1,-37.2300,0.8941,-0.6900
2.319,1,-37.2300,0.8941,-0.6900
2.329,1,-37.2300,0.8941,-0.6900
2.342,1,-37.2300,0.8941,-0.6900
2.353,1,-37.2300,0.8941,-0.6900
2.364,1,-37.2300,0.8941,-0.6900
2.375,1,-37.2300,0.8941,-0.6900
2.386,1,-37.2300,0.8941,-0.6900
2.398,1,-37.2300,0.8941,-0.6900
2.409,1,-37.2300,0.8941,-0.6900
2.420,1,-37.2300,0.8941,-0.6900
2.431,1,-37.2300,0.8941,-0.6900
2.442,1,-37.2300,0.8941,-0.6900
2.453,1,-37.2300,0.8941,-0.6900
2.465,1,-37.2300,0.8941,-0.6900

# --- Trial 2 start ---
3.044,2,-37.2300,0.8941,-0.6900
3.063,2,-37.2300,0.8941,-0.6900
3.070,2,-37.2300,0.8941,-0.6900
3.077,2,-37.2300,0.8941,-0.6900
3.088,2,-37.2300,0.8941,-0.6900
3.109,2,-37.2300,0.8941,-0.6900
3.118,2,-37.2300,0.8941,-0.6900
3.134,2,-37.2300,0.8941,-0.6900
3.151,2,-37.2300,0.8941,-0.6900
3.162,2,-37.2300,0.8941,-0.6900
3.175,2,-37.2300,0.8941,-0.6900
3.186,2,-37.2300,0.8941,-0.6900
3.197,2,-37.2300,0.8941,-0.6900
3.218,2,-37.2300,0.8941,-0.6900
3.229,2,-37.2300,0.8941,-0.6900
3.241,2,-37.2300,0.8941,-0.6900
3.253,2,-37.2300,0.8941,-0.6900
3.264,2,-37.2300,0.8941,-0.6900
3.275,2,-37.2300,0.8941,-0.6900
3.286,2,-37.2300,0.8941,-0.6900
3.297,2,-37.2300,0.8941,-0.6900
3.308,2,-37.2300,0.8941,-0.6900
3.319,2,-37.2300,0.8941,-0.6900
3.330,2,-37.2300,0.8941,-0.6900
3.341,2,-37.2300,0.8941,-0.6900
3.352,2,-37.2300,0.8941,-0.6900
3.363,2,-37.2300,0.8941,-0.6900
3.375,2,-37.2300,0.8941,-0.6900
3.386,2,-37.2300,0.8941,-0.6900
3.397,2,-37.2300,0.8941,-0.6900
3.408,2,-37.2300,0.8941,-0.6900
3.419,2,-37.2300,0.8941,-0.6900
3.430,2,-37.2300,0.8941,-0.6900
3.441,2,-37.2300,0.8941,-0.6900

# --- Trial 3 start ---
3.853,3,-37.2300,0.8941,-0.6900
3.873,3,-37.2300,0.8941,-0.6900
3.884,3,-37.2300,0.8941,-0.6900
3.896,3,-37.2300,0.8941,-0.6900
3.908,3,-37.2300,0.8941,-0.6900
3.924,3,-37.2300,0.8941,-0.6900
3.943,3,-37.2300,0.8941,-0.6900
3.951,3,-37.2300,0.8941,-0.6900
3.963,3,-37.2300,0.8941,-0.6900
3.974,3,-37.2300,0.8941,-0.6900
3.986,3,-37.2300,0.8941,-0.6900
3.997,3,-37.2300,0.8941,-0.6900
4.009,3,-37.2300,0.8941,-0.6900
4.029,3,-37.2300,0.8941,-0.6900
4.035,3,-37.2300,0.8941,-0.6900
4.042,3,-37.2300,0.8941,-0.6900
4.052,3,-37.2300,0.8941,-0.6900
4.063,3,-37.2300,0.8941,-0.6900
4.075,3,-37.2300,0.8941,-0.6900
4.085,3,-37.2300,0.8941,-0.6900
4.096,3,-37.2300,0.8941,-0.6900
4.108,3,-37.2300,0.8941,-0.6900
4.119,3,-37.2300,0.8941,-0.6900
4.130,3,-37.2300,0.8941,-0.6900
4.141,3,-37.2300,0.8941,-0.6900
4.153,3,-37.2300,0.8941,-0.6900
4.163,3,-37.2300,0.8941,-0.6900
4.174,3,-37.2300,0.8941,-0.6900

# --- Trial 4 start ---
4.532,4,-37.2300,0.8941,-0.6900
4.550,4,-37.2300,0.8941,-0.6900
4.557,4,-37.2300,0.8941,-0.6900
4.563,4,-37.2300,0.8941,-0.6900
4.574,4,-37.2300,0.8941,-0.6900
4.585,4,-37.2300,0.8941,-0.6900
4.596,4,-37.2300,0.8941,-0.6900
4.608,4,-37.2300,0.8941,-0.6900
4.619,4,-37.2300,0.8941,-0.6900
4.630,4,-37.2300,0.8941,-0.6900
4.641,4,-37.2300,0.8941,-0.6900
4.652,4,-37.2300,0.8941,-0.6900
4.663,4,-37.2300,0.8941,-0.6900
4.674,4,-37.2300,0.8941,-0.6900
4.685,4,-37.2300,0.8941,-0.6900
4.709,4,-37.2300,0.8941,-0.6900
4.717,4,-37.2300,0.8941,-0.6900
4.728,4,-37.2300,0.8941,-0.6900
4.740,4,-37.2300,0.8941,-0.6900
4.753,4,-37.2300,0.8941,-0.6900
4.773,4,-37.2300,0.8941,-0.6900
4.783,4,-37.2300,0.8941,-0.6900
4.796,4,-37.2300,0.8941,-0.6900
4.807,4,-37.2300,0.8941,-0.6900
4.818,4,-37.2300,0.8941,-0.6900

# --- Trial 5 start ---
5.141,5,-37.2300,0.8941,-0.6900
5.162,5,-37.2300,0.8941,-0.6900
5.175,5,-37.2300,0.8941,-0.6900
5.195,5,-37.2300,0.8941,-0.6900
5.205,5,-37.2300,0.8941,-0.6900
5.218,5,-37.2300,0.8941,-0.6900
5.230,5,-37.2300,0.8941,-0.6900
5.241,5,-37.2300,0.8941,-0.6900
5.252,5,-37.2300,0.8941,-0.6900
5.263,5,-37.2300,0.8941,-0.6900
5.275,5,-37.2300,0.8941,-0.6900
5.286,5,-37.2300,0.8941,-0.6900
5.306,5,-37.2300,0.8941,-0.6900
5.313,5,-37.2300,0.8941,-0.6900
5.320,5,-37.2300,0.8941,-0.6900
5.329,5,-37.2300,0.8941,-0.6900
5.341,5,-37.2300,0.8941,-0.6900
5.352,5,-37.2300,0.8941,-0.6900
5.365,5,-37.2300,0.8941,-0.6900
5.385,5,-37.2300,0.8941,-0.6900
5.394,5,-37.2300,0.8941,-0.6900
5.407,5,-37.2300,0.8941,-0.6900
5.418,5,-37.2300,0.8941,-0.6900

# --- Trial 6 start ---
5.708,6,-37.2300,0.8941,-0.6900
5.728,6,-37.2300,0.8941,-0.6900
5.734,6,-37.2300,0.8941,-0.6900
5.741,6,-37.2300,0.8941,-0.6900
5.751,6,-37.2300,0.8941,-0.6900
5.763,6,-37.2300,0.8941,-0.6900
5.778,6,-37.2300,0.8941,-0.6900
5.796,6,-37.2300,0.8941,-0.6900
5.809,6,-37.2300,0.8941,-0.6900
5.828,6,-37.2300,0.8941,-0.6900
5.838,6,-37.2300,0.8941,-0.6900
5.851,6,-37.2300,0.8941,-0.6900
5.863,6,-37.2300,0.8941,-0.6900
5.883,6,-37.2300,0.8941,-0.6900
5.894,6,-37.2300,0.8941,-0.6900
5.907,6,-37.2300,0.8941,-0.6900
5.918,6,-37.2300,0.8941,-0.6900
5.929,6,-37.2300,0.8941,-0.6900
5.940,6,-37.2300,0.8941,-0.6900
5.952,6,-37.2300,0.8941,-0.6900
5.962,6,-37.2300,0.8941,-0.6900
5.973,6,-37.2300,0.8941,-0.6900
5.985,6,-37.2300,0.8941,-0.6900
5.996,6,-37.2300,0.8941,-0.6900
6.007,6,-37.2300,0.8941,-0.6900
6.018,6,-37.2300,0.8941,-0.6900

# --- Trial 7 start ---
6.285,7,-37.2300,0.8941,-0.6900
6.306,7,-37.2300,0.8941,-0.6900
6.312,7,-37.2300,0.8941,-0.6900
6.318,7,-37.2300,0.8941,-0.6900
6.328,7,-37.2300,0.8941,-0.6900
6.340,7,-37.2300,0.8941,-0.6900
6.351,7,-37.2300,0.8941,-0.6900
6.362,7,-37.2300,0.8941,-0.6900
6.373,7,-37.2300,0.8941,-0.6900
6.385,7,-37.2300,0.8941,-0.6900
6.397,7,-37.2300,0.8941,-0.6900
6.418,7,-37.2300,0.8941,-0.6900
6.431,7,-37.2300,0.8941,-0.6900
6.450,7,-37.2300,0.8941,-0.6900
6.472,7,-37.2300,0.8941,-0.6900
6.483,7,-37.2300,0.8941,-0.6900

# --- Trial 8 start ---
6.864,8,-37.2300,0.8941,-0.6900
6.883,8,-37.2300,0.8941,-0.6900
6.894,8,-37.2300,0.8941,-0.6900
6.905,8,-37.2300,0.8941,-0.6900
6.916,8,-37.2300,0.8941,-0.6900
6.928,8,-37.2300,0.8941,-0.6900
6.940,8,-37.2300,0.8941,-0.6900
6.951,8,-37.2300,0.8941,-0.6900
6.962,8,-37.2300,0.8941,-0.6900
6.973,8,-37.2300,0.8941,-0.6900
6.984,8,-37.2300,0.8941,-0.6900
6.996,8,-37.2300,0.8941,-0.6900
7.008,8,-37.2300,0.8941,-0.6900
7.029,8,-37.2300,0.8941,-0.6900
7.050,8,-37.2300,0.8941,-0.6900
7.060,8,-37.2300,0.8941,-0.6900
7.073,8,-37.2300,0.8941,-0.6900
7.084,8,-37.2300,0.8941,-0.6900
7.095,8,-37.2300,0.8941,-0.6900
7.107,8,-37.2300,0.8941,-0.6900
7.118,8,-37.2300,0.8941,-0.6900
7.129,8,-37.2300,0.8941,-0.6900
7.140,8,-37.2300,0.8941,-0.6900
7.151,8,-37.2300,0.8941,-0.6900
7.162,8,-37.2300,0.8941,-0.6900
7.173,8,-37.2300,0.8941,-0.6900
7.184,8,-37.2300,0.8941,-0.6900
7.195,8,-37.2300,0.8941,-0.6900
7.207,8,-37.2300,0.8941,-0.6900
7.218,8,-37.2300,0.8941,-0.6900
7.229,8,-37.2300,0.8941,-0.6900
7.240,8,-37.2300,0.8941,-0.6900

# --- Trial 9 start ---
7.684,9,-37.2300,0.8941,-0.6900
7.705,9,-37.2300,0.8941,-0.6900
7.715,9,-37.2300,0.8941,-0.6900
7.728,9,-37.2300,0.8941,-0.6900
7.740,9,-37.2300,0.8941,-0.6900
7.751,9,-37.2300,0.8941,-0.6900
7.762,9,-37.2300,0.8941,-0.6900
7.773,9,-37.2300,0.8941,-0.6900
7.784,9,-37.2300,0.8941,-0.6900
7.795,9,-37.2300,0.8941,-0.6900
7.806,9,-37.2300,0.8941,-0.6900
7.818,9,-37.2300,0.8941,-0.6900
7.840,9,-37.2300,0.8941,-0.6900
7.855,9,-37.2300,0.8941,-0.6900
7.871,9,-37.2300,0.8941,-0.6900
7.882,9,-37.2300,0.8941,-0.6900
7.895,9,-37.2300,0.8941,-0.6900
7.906,9,-37.2300,0.8941,-0.6900
7.917,9,-37.2300,0.8941,-0.6900
7.929,9,-37.2300,0.8941,-0.6900
7.940,9,-37.2300,0.8941,-0.6900

# --- Trial 10 start ---
10.061,10,-37.2300,0.8941,-0.6900
10.081,10,-37.2300,0.8941,-0.6900
10.087,10,-37.2300,0.8941,-0.6900
10.094,10,-37.2300,0.8941,-0.6900
10.105,10,-37.2300,0.8941,-0.6900
10.116,10,-37.2300,0.8941,-0.6900
10.127,10,-37.2300,0.8941,-0.6900
10.138,10,-37.2300,0.8941,-0.6900
10.149,10,-37.2300,0.8941,-0.6900
10.160,10,-37.2300,0.8941,-0.6900
10.172,10,-37.2300,0.8941,-0.6900
10.196,10,-37.2300,0.8941,-0.6900
10.215,10,-37.2300,0.8941,-0.6900
10.225,10,-37.2300,0.8941,-0.6900
10.238,10,-37.2300,0.8941,-0.6900
10.249,10,-37.2300,0.8941,-0.6900
10.260,10,-37.2300,0.8941,-0.6900
10.271,10,-37.2300,0.8941,-0.6900
10.284,10,-37.2300,0.8941,-0.6900
10.305,10,-37.2300,0.8941,-0.6900
10.314,10,-37.2300,0.8941,-0.6900
10.327,10,-37.2300,0.8941,-0.6900
10.338,10,-37.2300,0.8941,-0.6900
10.349,10,-37.2300,0.8941,-0.6900
10.361,10,-37.2300,0.8941,-0.6900
10.371,10,-37.2300,0.8941,-0.6900
10.382,10,-37.2300,0.8941,-0.6900
10.394,10,-37.2300,0.8941,-0.6900
10.405,10,-37.2300,0.8941,-0.6900
10.416,10,-37.2300,0.8941,-0.6900
10.427,10,-37.2300,0.8941,-0.6900
10.438,10,-37.2300,0.8941,-0.6900
10.449,10,-37.2300,0.8941,-0.6900
10.460,10,-37.2300,0.8941,-0.6900
10.472,10,-37.2300,0.8941,-0.6900
10.483,10,-37.2300,0.8941,-0.6900
10.494,10,-37.2300,0.8941,-0.6900
10.505,10,-37.2300,0.8941,-0.6900
10.516,10,-37.2300,0.8941,-0.6900
10.527,10,-37.2300,0.8941,-0.6900
10.538,10,-37.2300,0.8941,-0.6900
10.549,10,-37.2300,0.8941,-0.6900
10.560,10,-37.2300,0.8941,-0.6900
10.572,10,-37.2300,0.8941,-0.6900
10.583,10,-37.2300,0.8941,-0.6900
10.594,10,-37.2300,0.8941,-0.6900
10.606,10,-37.2300,0.8941,-0.6900
10.618,10,-37.2300,0.8941,-0.6900
10.629,10,-37.2300,0.8941,-0.6900
10.641,10,-37.2300,0.8941,-0.6900
10.652,10,-37.2300,0.8941,-0.6900
10.663,10,-37.2300,0.8941,-0.6900
10.675,10,-37.2300,0.8941,-0.6900
10.686,10,-37.2300,0.8941,-0.6900
10.698,10,-37.2300,0.8941,-0.6900
10.709,10,-37.2300,0.8941,-0.6900
10.720,10,-37.2300,0.8941,-0.6900
10.732,10,-37.2300,0.8941,-0.6900
10.743,10,-37.2300,0.8941,-0.6900
10.754,10,-37.2300,0.8941,-0.6900
10.765,10,-37.2300,0.8941,-0.6900
10.776,10,-37.2300,0.8941,-0.6900
10.787,10,-37.2300,0.8941,-0.6900
10.798,10,-37.2300,0.8941,-0.6900
10.809,10,-37.2300,0.8941,-0.6900
10.820,10,-37.2300,0.8941,-0.6900
10.831,10,-37.2300,0.8941,-0.6900
10.843,10,-37.2300,0.8941,-0.6900
10.854,10,-37.2300,0.8941,-0.6900
10.865,10,-37.2300,0.8941,-0.6900
10.876,10,-37.2300,0.8941,-0.6900
10.887,10,-37.2300,0.8941,-0.6900
10.898,10,-37.2300,0.8941,-0.6900
10.909,10,-37.2300,0.8941,-0.6900
10.921,10,-37.2300,0.8941,-0.6900
10.932,10,-37.2300,0.8941,-0.6900
10.943,10,-37.2300,0.8941,-0.6900
10.954,10,-37.2300,0.8941,-0.6900
10.966,10,-37.2300,0.8941,-0.6900
10.977,10,-37.2300,0.8941,-0.6900
10.988,10,-37.2300,0.8941,-0.6900
10.999,10,-37.2300,0.8941,-0.6900
11.010,10,-37.2300,0.8941,-0.6900
11.022,10,-37.2300,0.8941,-0.6900
11.033,10,-37.2300,0.8941,-0.6900
11.044,10,-37.2300,0.8941,-0.6900
11.055,10,-37.2300,0.8941,-0.6900
11.066,10,-37.2300,0.8941,-0.6900
11.077,10,-37.2300,0.8941,-0.6900
11.088,10,-37.2300,0.8941,-0.6900
11.099,10,-37.2300,0.8941,-0.6900
11.110,10,-37.2300,0.8941,-0.6900
11.122,10,-37.2300,0.8941,-0.6900
11.133,10,-37.2300,0.8941,-0.6900
11.144,10,-37.2300,0.8941,-0.6900
11.155,10,-37.2300,0.8941,-0.6900
11.166,10,-37.2300,0.8941,-0.6900
11.177,10,-37.2300,0.8941,-0.6900
11.188,10,-37.2300,0.8941,-0.6900
11.199,10,-37.2300,0.8941,-0.6900
11.210,10,-37.2300,0.8941,-0.6900
11.222,10,-37.2300,0.8941,-0.6900
11.233,10,-37.2300,0.8941,-0.6900
11.244,10,-37.2300,0.8941,-0.6900
11.255,10,-37.2300,0.8941,-0.6900
11.266,10,-37.2300,0.8941,-0.6900
11.277,10,-37.2300,0.8941,-0.6900
11.288,10,-37.2300,0.8941,-0.6900
11.299,10,-37.2300,0.8941,-0.6900
11.310,10,-37.2300,0.8941,-0.6900
11.321,10,-37.2300,0.8941,-0.6900
11.333,10,-37.2300,0.8941,-0.6900
11.344,10,-37.2300,0.8941,-0.6900
11.354,10,-37.2300,0.8941,-0.6900
11.365,10,-37.2300,0.8941,-0.6900
11.377,10,-37.2300,0.8941,-0.6900
11.388,10,-37.2300,0.8941,-0.6900
11.399,10,-37.2300,0.8941,-0.6900
11.410,10,-37.2300,0.8941,-0.6900
11.421,10,-37.2300,0.8941,-0.6900
11.432,10,-37.2300,0.8941,-0.6900
11.443,10,-37.2300,0.8941,-0.6900
11.454,10,-37.2300,0.8941,-0.6900
11.465,10,-37.2300,0.8941,-0.6900
11.476,10,-37.2300,0.8941,-0.6900
11.488,10,-37.2300,0.8941,-0.6900
11.499,10,-37.2300,0.8941,-0.6900
11.510,10,-37.2300,0.8941,-0.6900
11.521,10,-37.2300,0.8941,-0.6900
11.532,10,-37.2300,0.8941,-0.6900
11.543,10,-37.2300,0.8941,-0.6900
11.554,10,-37.2300,0.8941,-0.6900
11.565,10,-37.2300,0.8941,-0.6900
11.576,10,-37.2300,0.8941,-0.6900
11.587,10,-37.2300,0.8941,-0.6900
11.599,10,-37.2300,0.8941,-0.6900
11.610,10,-37.2300,0.8941,-0.6900
11.621,10,-37.2300,0.8941,-0.6900
11.632,10,-37.2300,0.8941,-0.6900
11.643,10,-37.2300,0.8941,-0.6900
11.654,10,-37.2300,0.8941,-0.6900
11.665,10,-37.2300,0.8941,-0.6900
11.676,10,-37.2300,0.8941,-0.6900
11.687,10,-37.2300,0.8941,-0.6900
11.699,10,-37.2300,0.8941,-0.6900
11.710,10,-37.2300,0.8941,-0.6900
11.721,10,-37.2300,0.8941,-0.6900
11.733,10,-37.2300,0.8941,-0.6900
11.744,10,-37.2300,0.8941,-0.6900
11.756,10,-37.2300,0.8941,-0.6900
11.766,10,-37.2300,0.8941,-0.6900
11.777,10,-37.2300,0.8941,-0.6900
11.788,10,-37.2300,0.8941,-0.6900
11.799,10,-37.2300,0.8941,-0.6900
11.810,10,-37.2300,0.8941,-0.6900
11.821,10,-37.2300,0.8941,-0.6900
11.832,10,-37.2300,0.8941,-0.6900
11.844,10,-37.2300,0.8941,-0.6900
11.855,10,-37.2300,0.8941,-0.6900
11.866,10,-37.2300,0.8941,-0.6900
11.877,10,-37.2300,0.8941,-0.6900
11.888,10,-37.2300,0.8941,-0.6900
11.899,10,-37.2300,0.8941,-0.6900
11.910,10,-37.2300,0.8941,-0.6900
11.921,10,-37.2300,0.8941,-0.6900
11.932,10,-37.2300,0.8941,-0.6900
11.943,10,-37.2300,0.8941,-0.6900
11.954,10,-37.2300,0.8941,-0.6900
11.965,10,-37.2300,0.8941,-0.6900
11.977,10,-37.2300,0.8941,-0.6900
11.988,10,-37.2300,0.8941,-0.6900
11.999,10,-37.2300,0.8941,-0.6900
12.010,10,-37.2300,0.8941,-0.6900
12.022,10,-37.2300,0.8941,-0.6900
12.033,10,-37.2300,0.8941,-0.6900
12.043,10,-37.2300,0.8941,-0.6900
12.054,10,-37.2300,0.8941,-0.6900
12.065,10,-37.2300,0.8941,-0.6900
12.076,10,-37.2300,0.8941,-0.6900
12.087,10,-37.2300,0.8941,-0.6900
12.098,10,-37.2300,0.8941,-0.6900
12.109,10,-37.2300,0.8941,-0.6900
12.121,10,-37.2300,0.8941,-0.6900
12.132,10,-37.2300,0.8941,-0.6900
12.143,10,-37.2300,0.8941,-0.6900
12.154,10,-37.2300,0.8941,-0.6900
12.165,10,-37.2300,0.8941,-0.6900
12.176,10,-37.2300,0.8941,-0.6900
12.187,10,-37.2300,0.8941,-0.6900
12.198,10,-37.2300,0.8941,-0.6900
12.209,10,-37.2300,0.8941,-0.6900
12.221,10,-37.2300,0.8941,-0.6900
12.232,10,-37.2300,0.8941,-0.6900
12.243,10,-37.2300,0.8941,-0.6900
12.254,10,-37.2300,0.8941,-0.6900
12.265,10,-37.2300,0.8941,-0.6900
12.276,10,-37.2300,0.8941,-0.6900
12.287,10,-37.2300,0.8941,-0.6900
12.298,10,-37.2300,0.8941,-0.6900
12.309,10,-37.2300,0.8941,-0.6900
12.320,10,-37.2300,0.8941,-0.6900
12.332,10,-37.2300,0.8941,-0.6900
12.343,10,-37.2300,0.8941,-0.6900
12.354,10,-37.2300,0.8941,-0.6900
12.365,10,-37.2300,0.8941,-0.6900
12.376,10,-37.2300,0.8941,-0.6900
12.387,10,-37.2300,0.8941,-0.6900
12.398,10,-37.2300,0.8941,-0.6900
12.409,10,-37.2300,0.8941,-0.6900
12.421,10,-37.2300,0.8941,-0.6900
12.432,10,-37.2300,0.8941,-0.6900
12.443,10,-37.2300,0.8941,-0.6900
12.454,10,-37.2300,0.8941,-0.6900
12.465,10,-37.2300,0.8941,-0.6900
12.476,10,-37.2300,0.8941,-0.6900
12.488,10,-37.2300,0.8941,-0.6900
12.499,10,-37.2300,0.8941,-0.6900
12.510,10,-37.2300,0.8941,-0.6900
12.521,10,-37.2300,0.8941,-0.6900
12.532,10,-37.2300,0.8941,-0.6900
12.543,10,-37.2300,0.8941,-0.6900
12.555,10,-37.2300,0.8941,-0.6900
12.566,10,-37.2300,0.8941,-0.6900
12.576,10,-37.2300,0.8941,-0.6900
12.588,10,-37.2300,0.8941,-0.6900
12.599,10,-37.2300,0.8941,-0.6900
12.610,10,-37.2300,0.8941,-0.6900
12.621,10,-37.2300,0.8941,-0.6900
12.632,10,-37.2300,0.8941,-0.6900
12.643,10,-37.2300,0.8941,-0.6900
12.654,10,-37.2300,0.8941,-0.6900
12.665,10,-37.2300,0.8941,-0.6900
12.676,10,-37.2300,0.8941,-0.6900
12.687,10,-37.2300,0.8941,-0.6900
12.698,10,-37.2300,0.8941,-0.6900
12.710,10,-37.2300,0.8941,-0.6900
12.721,10,-37.2300,0.8941,-0.6900
12.732,10,-37.2300,0.8941,-0.6900
12.743,10,-37.2300,0.8941,-0.6900
12.754,10,-37.2300,0.8941,-0.6900
12.766,10,-37.2300,0.8941,-0.6900
12.776,10,-37.2300,0.8941,-0.6900
12.788,10,-37.2300,0.8941,-0.6900
12.799,10,-37.2300,0.8941,-0.6900
12.809,10,-37.2300,0.8941,-0.6900
12.821,10,-37.2300,0.8941,-0.6900
12.832,10,-37.2300,0.8941,-0.6900
12.843,10,-37.2300,0.8941,-0.6900
12.854,10,-37.2300,0.8941,-0.6900
12.865,10,-37.2300,0.8941,-0.6900
12.876,10,-37.2300,0.8941,-0.6900
12.887,10,-37.2300,0.8941,-0.6900
12.899,10,-37.2300,0.8941,-0.6900
12.909,10,-37.2300,0.8941,-0.6900
12.921,10,-37.2300,0.8941,-0.6900
12.932,10,-37.2300,0.8941,-0.6900
12.943,10,-37.2300,0.8941,-0.6900
12.955,10,-37.2300,0.8941,-0.6900
12.965,10,-37.2300,0.8941,-0.6900
12.977,10,-37.2300,0.8941,-0.6900
12.987,10,-37.2300,0.8941,-0.6900
12.999,10,-37.2300,0.8941,-0.6900
13.010,10,-37.2300,0.8941,-0.6900
13.021,10,-37.2300,0.8941,-0.6900
13.032,10,-37.2300,0.8941,-0.6900
13.043,10,-37.2300,0.8941,-0.6900

# --- Trial 1 start ---
2.969,1,-37.2300,0.8941,-0.6900
2.978,1,-37.2300,0.8941,-0.6900
2.983,1,-37.2300,0.8941,-0.6900
2.988,1,-37.2300,0.8941,-0.6900
2.994,1,-37.2300,0.8941,-0.6900
3.000,1,-37.2300,0.8941,-0.6900
3.005,1,-37.2300,0.8941,-0.6900
3.011,1,-37.2300,0.8941,-0.6900
3.017,1,-37.2300,0.8941,-0.6900
3.023,1,-37.2300,0.8941,-0.6900
3.028,1,-37.2300,0.8941,-0.6900
3.033,1,-37.2300,0.8941,-0.6900
3.038,1,-37.2300,0.8941,-0.6900
3.044,1,-37.2300,0.8941,-0.6900
3.049,1,-37.2300,0.8941,-0.6900
3.054,1,-37.2300,0.8941,-0.6900
3.059,1,-37.2300,0.8941,-0.6900
3.065,1,-37.2300,0.8941,-0.6900
3.070,1,-37.2300,0.8941,-0.6900
3.076,1,-37.2300,0.8941,-0.6900
3.082,1,-37.2300,0.8941,-0.6900
3.087,1,-37.2300,0.8941,-0.6900
3.092,1,-37.2300,0.8941,-0.6900
3.098,1,-37.2300,0.8941,-0.6900
3.103,1,-37.2300,0.8941,-0.6900
3.108,1,-37.2300,0.8941,-0.6900
3.114,1,-37.2300,0.8941,-0.6900
3.119,1,-37.2300,0.8941,-0.6900
3.124,1,-37.2300,0.8941,-0.6900
3.130,1,-37.2300,0.8941,-0.6900
3.136,1,-37.2300,0.8941,-0.6900
3.141,1,-37.2300,0.8941,-0.6900
3.146,1,-37.2300,0.8941,-0.6900

# --- Trial 2 start ---
6.239,2,-37.2300,0.8941,-0.6900
6.245,2,-37.2300,0.8941,-0.6900
6.250,2,-37.2300,0.8941,-0.6900
6.256,2,-37.2300,0.8941,-0.6900
6.261,2,-37.2300,0.8941,-0.6900
6.267,2,-37.2300,0.8941,-0.6900
6.272,2,-37.2300,0.8941,-0.6900
6.277,2,-37.2300,0.8941,-0.6900
6.282,2,-37.2300,0.8941,-0.6900
6.287,2,-37.2300,0.8941,-0.6900
6.293,2,-37.2300,0.8941,-0.6900
6.298,2,-37.2300,0.8941,-0.6900
6.304,2,-37.2300,0.8941,-0.6900
6.309,2,-37.2300,0.8941,-0.6900
6.315,2,-37.2300,0.8941,-0.6900
6.320,2,-37.2300,0.8941,-0.6900
6.325,2,-37.2300,0.8941,-0.6900
6.331,2,-37.2300,0.8941,-0.6900
6.336,2,-37.2300,0.8941,-0.6900
6.341,2,-37.2300,0.8941,-0.6900
6.347,2,-37.2300,0.8941,-0.6900
6.352,2,-37.2300,0.8941,-0.6900
6.357,2,-37.2300,0.8941,-0.6900
6.363,2,-37.2300,0.8941,-0.6900
6.368,2,-37.2300,0.8941,-0.6900
6.373,2,-37.2300,0.8941,-0.6900
6.379,2,-37.2300,0.8941,-0.6900
6.384,2,-37.2300,0.8941,-0.6900
6.389,2,-37.2300,0.8941,-0.6900
6.395,2,-37.2300,0.8941,-0.6900
6.401,2,-37.2300,0.8941,-0.6900
6.406,2,-37.2300,0.8941,-0.6900
6.411,2,-37.2300,0.8941,-0.6900
6.417,2,-37.2300,0.8941,-0.6900
6.422,2,-37.2300,0.8941,-0.6900
6.428,2,-37.2300,0.8941,-0.6900
6.433,2,-37.2300,0.8941,-0.6900
6.438,2,-37.2300,0.8941,-0.6900
6.443,2,-37.2300,0.8941,-0.6900
6.450,2,-37.2300,0.8941,-0.6900
6.455,2,-37.2300,0.8941,-0.6900
6.460,2,-37.2300,0.8941,-0.6900
6.466,2,-37.2300,0.8941,-0.6900
6.471,2,-37.2300,0.8941,-0.6900
6.477,2,-37.2300,0.8941,-0.6900
6.482,2,-37.2300,0.8941,-0.6900
6.488,2,-37.2300,0.8941,-0.6900
6.493,2,-37.2300,0.8941,-0.6900

# --- Trial 3 start ---
6.752,3,-37.2300,0.8941,-0.6900
6.758,3,-37.2300,0.8941,-0.6900
6.764,3,-37.2300,0.8941,-0.6900
6.769,3,-37.2300,0.8941,-0.6900
6.775,3,-37.2300,0.8941,-0.6900
6.780,3,-37.2300,0.8941,-0.6900
6.785,3,-37.2300,0.8941,-0.6900
6.791,3,-37.2300,0.8941,-0.6900
6.796,3,-37.2300,0.8941,-0.6900
6.802,3,-37.2300,0.8941,-0.6900
6.808,3,-37.2300,0.8941,-0.6900
6.813,3,-37.2300,0.8941,-0.6900
6.819,3,-37.2300,0.8941,-0.6900
6.824,3,-37.2300,0.8941,-0.6900
6.829,3,-37.2300,0.8941,-0.6900
6.835,3,-37.2300,0.8941,-0.6900
6.840,3,-37.2300,0.8941,-0.6900
6.845,3,-37.2300,0.8941,-0.6900
6.851,3,-37.2300,0.8941,-0.6900
6.858,3,-37.2300,0.8941,-0.6900
6.863,3,-37.2300,0.8941,-0.6900
6.868,3,-37.2300,0.8941,-0.6900
6.874,3,-37.2300,0.8941,-0.6900
6.879,3,-37.2300,0.8941,-0.6900
6.884,3,-37.2300,0.8941,-0.6900
6.889,3,-37.2300,0.8941,-0.6900
6.895,3,-37.2300,0.8941,-0.6900
6.900,3,-37.2300,0.8941,-0.6900
6.906,3,-37.2300,0.8941,-0.6900
6.911,3,-37.2300,0.8941,-0.6900
6.916,3,-37.2300,0.8941,-0.6900

# --- Trial 4 start ---
7.143,4,-37.2300,0.8941,-0.6900
7.149,4,-37.2300,0.8941,-0.6900
7.154,4,-37.2300,0.8941,-0.6900
7.159,4,-37.2300,0.8941,-0.6900
7.164,4,-37.2300,0.8941,-0.6900
7.170,4,-37.2300,0.8941,-0.6900
7.175,4,-37.2300,0.8941,-0.6900
7.180,4,-37.2300,0.8941,-0.6900
7.185,4,-37.2300,0.8941,-0.6900
7.191,4,-37.2300,0.8941,-0.6900
7.196,4,-37.2300,0.8941,-0.6900
7.202,4,-37.2300,0.8941,-0.6900
7.208,4,-37.2300,0.8941,-0.6900
7.213,4,-37.2300,0.8941,-0.6900
7.219,4,-37.2300,0.8941,-0.6900
7.224,4,-37.2300,0.8941,-0.6900
7.230,4,-37.2300,0.8941,-0.6900
7.235,4,-37.2300,0.8941,-0.6900
7.241,4,-37.2300,0.8941,-0.6900
7.247,4,-37.2300,0.8941,-0.6900
7.252,4,-37.2300,0.8941,-0.6900
7.258,4,-37.2300,0.8941,-0.6900
7.264,4,-37.2300,0.8941,-0.6900
7.270,4,-37.2300,0.8941,-0.6900
7.275,4,-37.2300,0.8941,-0.6900
7.280,4,-37.2300,0.8941,-0.6900
7.286,4,-37.2300,0.8941,-0.6900
7.291,4,-37.2300,0.8941,-0.6900
7.297,4,-37.2300,0.8941,-0.6900
7.303,4,-37.2300,0.8941,-0.6900
7.308,4,-37.2300,0.8941,-0.6900
7.314,4,-37.2300,0.8941,-0.6900

# --- Trial 5 start ---
7.520,5,-37.2300,0.8941,-0.6900
7.526,5,-37.2300,0.8941,-0.6900
7.531,5,-37.2300,0.8941,-0.6900
7.537,5,-37.2300,0.8941,-0.6900
7.543,5,-37.2300,0.8941,-0.6900
7.548,5,-37.2300,0.8941,-0.6900
7.553,5,-37.2300,0.8941,-0.6900
7.559,5,-37.2300,0.8941,-0.6900
7.565,5,-37.2300,0.8941,-0.6900
7.570,5,-37.2300,0.8941,-0.6900
7.576,5,-37.2300,0.8941,-0.6900
7.581,5,-37.2300,0.8941,-0.6900
7.586,5,-37.2300,0.8941,-0.6900
7.592,5,-37.2300,0.8941,-0.6900
7.597,5,-37.2300,0.8941,-0.6900
7.603,5,-37.2300,0.8941,-0.6900
7.608,5,-37.2300,0.8941,-0.6900
7.613,5,-37.2300,0.8941,-0.6900
7.619,5,-37.2300,0.8941,-0.6900
7.624,5,-37.2300,0.8941,-0.6900
7.629,5,-37.2300,0.8941,-0.6900
7.635,5,-37.2300,0.8941,-0.6900
7.640,5,-37.2300,0.8941,-0.6900
7.646,5,-37.2300,0.8941,-0.6900
7.651,5,-37.2300,0.8941,-0.6900

# --- Trial 6 start ---
8.034,6,-37.2300,0.8941,-0.6900
8.040,6,-37.2300,0.8941,-0.6900
8.046,6,-37.2300,0.8941,-0.6900
8.051,6,-37.2300,0.8941,-0.6900
8.056,6,-37.2300,0.8941,-0.6900
8.062,6,-37.2300,0.8941,-0.6900
8.067,6,-37.2300,0.8941,-0.6900
8.075,6,-37.2300,0.8941,-0.6900
8.080,6,-37.2300,0.8941,-0.6900
8.085,6,-37.2300,0.8941,-0.6900
8.091,6,-37.2300,0.8941,-0.6900
8.096,6,-37.2300,0.8941,-0.6900
8.102,6,-37.2300,0.8941,-0.6900
8.107,6,-37.2300,0.8941,-0.6900
8.112,6,-37.2300,0.8941,-0.6900
8.118,6,-37.2300,0.8941,-0.6900
8.123,6,-37.2300,0.8941,-0.6900
8.128,6,-37.2300,0.8941,-0.6900
8.134,6,-37.2300,0.8941,-0.6900
8.139,6,-37.2300,0.8941,-0.6900
8.144,6,-37.2300,0.8941,-0.6900
8.150,6,-37.2300,0.8941,-0.6900
8.155,6,-37.2300,0.8941,-0.6900
8.160,6,-37.2300,0.8941,-0.6900
8.166,6,-37.2300,0.8941,-0.6900
8.171,6,-37.2300,0.8941,-0.6900
8.176,6,-37.2300,0.8941,-0.6900
8.182,6,-37.2300,0.8941,-0.6900
8.187,6,-37.2300,0.8941,-0.6900
8.194,6,-37.2300,0.8941,-0.6900
8.200,6,-37.2300,0.8941,-0.6900
8.205,6,-37.2300,0.8941,-0.6900
8.211,6,-37.2300,0.8941,-0.6900
8.216,6,-37.2300,0.8941,-0.6900
8.222,6,-37.2300,0.8941,-0.6900
8.227,6,-37.2300,0.8941,-0.6900
8.233,6,-37.2300,0.8941,-0.6900
8.239,6,-37.2300,0.8941,-0.6900
8.244,6,-37.2300,0.8941,-0.6900
8.250,6,-37.2300,0.8941,-0.6900
8.255,6,-37.2300,0.8941,-0.6900
8.260,6,-37.2300,0.8941,-0.6900
8.265,6,-37.2300,0.8941,-0.6900
8.270,6,-37.2300,0.8941,-0.6900
8.275,6,-37.2300,0.8941,-0.6900
8.281,6,-37.2300,0.8941,-0.6900
8.286,6,-37.2300,0.8941,-0.6900
8.292,6,-37.2300,0.8941,-0.6900
8.297,6,-37.2300,0.8941,-0.6900
8.302,6,-37.2300,0.8941,-0.6900
8.307,6,-37.2300,0.8941,-0.6900
8.313,6,-37.2300,0.8941,-0.6900
8.318,6,-37.2300,0.8941,-0.6900
8.323,6,-37.2300,0.8941,-0.6900
8.329,6,-37.2300,0.8941,-0.6900
8.334,6,-37.2300,0.8941,-0.6900
8.339,6,-37.2300,0.8941,-0.6900
8.345,6,-37.2300,0.8941,-0.6900
8.350,6,-37.2300,0.8941,-0.6900
8.355,6,-37.2300,0.8941,-0.6900
8.361,6,-37.2300,0.8941,-0.6900

# --- Trial 7 start ---
8.683,7,-37.2300,0.8941,-0.6900
8.688,7,-37.2300,0.8941,-0.6900
8.694,7,-37.2300,0.8941,-0.6900
8.699,7,-37.2300,0.8941,-0.6900
8.705,7,-37.2300,0.8941,-0.6900
8.711,7,-37.2300,0.8941,-0.6900
8.716,7,-37.2300,0.8941,-0.6900
8.721,7,-37.2300,0.8941,-0.6900
8.727,7,-37.2300,0.8941,-0.6900
8.731,7,-37.2300,0.8941,-0.6900
8.737,7,-37.2300,0.8941,-0.6900
8.742,7,-37.2300,0.8941,-0.6900
8.747,7,-37.2300,0.8941,-0.6900
8.753,7,-37.2300,0.8941,-0.6900
8.758,7,-37.2300,0.8941,-0.6900
8.763,7,-37.2300,0.8941,-0.6900
8.769,7,-37.2300,0.8941,-0.6900
8.774,7,-37.2300,0.8941,-0.6900
8.780,7,-37.2300,0.8941,-0.6900
8.785,7,-37.2300,0.8941,-0.6900
8.790,7,-37.2300,0.8941,-0.6900
8.795,7,-37.2300,0.8941,-0.6900
8.801,7,-37.2300,0.8941,-0.6900
8.806,7,-37.2300,0.8941,-0.6900
8.811,7,-37.2300,0.8941,-0.6900
8.817,7,-37.2300,0.8941,-0.6900
8.823,7,-37.2300,0.8941,-0.6900
8.828,7,-37.2300,0.8941,-0.6900
8.833,7,-37.2300,0.8941,-0.6900
8.839,7,-37.2300,0.8941,-0.6900
8.845,7,-37.2300,0.8941,-0.6900
8.851,7,-37.2300,0.8941,-0.6900
8.856,7,-37.2300,0.8941,-0.6900
8.862,7,-37.2300,0.8941,-0.6900
8.867,7,-37.2300,0.8941,-0.6900
8.872,7,-37.2300,0.8941,-0.6900
8.878,7,-37.2300,0.8941,-0.6900
8.885,7,-37.2300,0.8941,-0.6900
8.891,7,-37.2300,0.8941,-0.6900
8.897,7,-37.2300,0.8941,-0.6900
8.902,7,-37.2300,0.8941,-0.6900
8.907,7,-37.2300,0.8941,-0.6900
8.912,7,-37.2300,0.8941,-0.6900
8.917,7,-37.2300,0.8941,-0.6900
8.923,7,-37.2300,0.8941,-0.6900
8.928,7,-37.2300,0.8941,-0.6900
8.934,7,-37.2300,0.8941,-0.6900
8.940,7,-37.2300,0.8941,-0.6900
8.945,7,-37.2300,0.8941,-0.6900
8.950,7,-37.2300,0.8941,-0.6900

# --- Trial 8 start ---
9.265,8,-37.2300,0.8941,-0.6900
9.271,8,-37.2300,0.8941,-0.6900
9.276,8,-37.2300,0.8941,-0.6900
9.281,8,-37.2300,0.8941,-0.6900
9.287,8,-37.2300,0.8941,-0.6900
9.293,8,-37.2300,0.8941,-0.6900
9.298,8,-37.2300,0.8941,-0.6900
9.303,8,-37.2300,0.8941,-0.6900
9.309,8,-37.2300,0.8941,-0.6900
9.314,8,-37.2300,0.8941,-0.6900
9.319,8,-37.2300,0.8941,-0.6900
9.325,8,-37.2300,0.8941,-0.6900
9.330,8,-37.2300,0.8941,-0.6900
9.335,8,-37.2300,0.8941,-0.6900
9.340,8,-37.2300,0.8941,-0.6900
9.345,8,-37.2300,0.8941,-0.6900
9.350,8,-37.2300,0.8941,-0.6900
9.355,8,-37.2300,0.8941,-0.6900
9.360,8,-37.2300,0.8941,-0.6900
9.366,8,-37.2300,0.8941,-0.6900
9.371,8,-37.2300,0.8941,-0.6900
9.377,8,-37.2300,0.8941,-0.6900
9.383,8,-37.2300,0.8941,-0.6900
9.388,8,-37.2300,0.8941,-0.6900
9.393,8,-37.2300,0.8941,-0.6900
9.399,8,-37.2300,0.8941,-0.6900
9.405,8,-37.2300,0.8941,-0.6900
9.410,8,-37.2300,0.8941,-0.6900
9.416,8,-37.2300,0.8941,-0.6900
9.421,8,-37.2300,0.8941,-0.6900
9.427,8,-37.2300,0.8941,-0.6900
9.432,8,-37.2300,0.8941,-0.6900
9.437,8,-37.2300,0.8941,-0.6900
9.443,8,-37.2300,0.8941,-0.6900
9.448,8,-37.2300,0.8941,-0.6900
9.453,8,-37.2300,0.8941,-0.6900
9.459,8,-37.2300,0.8941,-0.6900
9.464,8,-37.2300,0.8941,-0.6900
9.469,8,-37.2300,0.8941,-0.6900
9.475,8,-37.2300,0.8941,-0.6900
9.481,8,-37.2300,0.8941,-0.6900
9.486,8,-37.2300,0.8941,-0.6900
9.491,8,-37.2300,0.8941,-0.6900
9.497,8,-37.2300,0.8941,-0.6900
9.502,8,-37.2300,0.8941,-0.6900
9.508,8,-37.2300,0.8941,-0.6900
9.513,8,-37.2300,0.8941,-0.6900
9.519,8,-37.2300,0.8941,-0.6900
9.524,8,-37.2300,0.8941,-0.6900
9.529,8,-37.2300,0.8941,-0.6900
9.534,8,-37.2300,0.8941,-0.6900
9.539,8,-37.2300,0.8941,-0.6900
9.545,8,-37.2300,0.8941,-0.6900
9.550,8,-37.2300,0.8941,-0.6900
9.555,8,-37.2300,0.8941,-0.6900
9.561,8,-37.2300,0.8941,-0.6900
9.567,8,-37.2300,0.8941,-0.6900
9.572,8,-37.2300,0.8941,-0.6900
9.577,8,-37.2300,0.8941,-0.6900

# --- Trial 9 start ---
9.866,9,-37.2300,0.8941,-0.6900
9.873,9,-37.2300,0.8941,-0.6900
9.878,9,-37.2300,0.8941,-0.6900
9.885,9,-37.2300,0.8941,-0.6900
9.891,9,-37.2300,0.8941,-0.6900
9.898,9,-37.2300,0.8941,-0.6900
9.903,9,-37.2300,0.8941,-0.6900
9.908,9,-37.2300,0.8941,-0.6900
9.913,9,-37.2300,0.8941,-0.6900
9.918,9,-37.2300,0.8941,-0.6900
9.924,9,-37.2300,0.8941,-0.6900
9.929,9,-37.2300,0.8941,-0.6900
9.935,9,-37.2300,0.8941,-0.6900
9.940,9,-37.2300,0.8941,-0.6900
9.945,9,-37.2300,0.8941,-0.6900
9.951,9,-37.2300,0.8941,-0.6900
9.956,9,-37.2300,0.8941,-0.6900
9.961,9,-37.2300,0.8941,-0.6900
9.967,9,-37.2300,0.8941,-0.6900
9.972,9,-37.2300,0.8941,-0.6900
9.977,9,-37.2300,0.8941,-0.6900
9.984,9,-37.2300,0.8941,-0.6900
9.989,9,-37.2300,0.8941,-0.6900
9.994,9,-37.2300,0.8941,-0.6900
10.000,9,-37.2300,0.8941,-0.6900
10.005,9,-37.2300,0.8941,-0.6900
10.010,9,-37.2300,0.8941,-0.6900
10.016,9,-37.2300,0.8941,-0.6900
10.021,9,-37.2300,0.8941,-0.6900
10.026,9,-37.2300,0.8941,-0.6900
10.032,9,-37.2300,0.8941,-0.6900
10.037,9,-37.2300,0.8941,-0.6900
10.042,9,-37.2300,0.8941,-0.6900
10.048,9,-37.2300,0.8941,-0.6900
10.052,9,-37.2300,0.8941,-0.6900
10.058,9,-37.2300,0.8941,-0.6900
10.064,9,-37.2300,0.8941,-0.6900
10.069,9,-37.2300,0.8941,-0.6900
10.074,9,-37.2300,0.8941,-0.6900
10.080,9,-37.2300,0.8941,-0.6900
10.085,9,-37.2300,0.8941,-0.6900
10.090,9,-37.2300,0.8941,-0.6900
10.096,9,-37.2300,0.8941,-0.6900
10.101,9,-37.2300,0.8941,-0.6900
10.106,9,-37.2300,0.8941,-0.6900
10.111,9,-37.2300,0.8941,-0.6900
10.116,9,-37.2300,0.8941,-0.6900
10.121,9,-37.2300,0.8941,-0.6900
10.126,9,-37.2300,0.8941,-0.6900
10.132,9,-37.2300,0.8941,-0.6900
10.137,9,-37.2300,0.8941,-0.6900
10.143,9,-37.2300,0.8941,-0.6900
10.148,9,-37.2300,0.8941,-0.6900
10.153,9,-37.2300,0.8941,-0.6900

# --- Trial 10 start ---
11.000,10,-37.2300,0.8941,-0.6900
11.005,10,-37.2300,0.8941,-0.6900
11.011,10,-37.2300,0.8941,-0.6900
11.016,10,-37.2300,0.8941,-0.6900
11.022,10,-37.2300,0.8941,-0.6900
11.027,10,-37.2300,0.8941,-0.6900
11.032,10,-37.2300,0.8941,-0.6900
11.038,10,-37.2300,0.8941,-0.6900
11.043,10,-37.2300,0.8941,-0.6900
11.048,10,-37.2300,0.8941,-0.6900
11.053,10,-37.2300,0.8941,-0.6900
11.059,10,-37.2300,0.8941,-0.6900
11.064,10,-37.2300,0.8941,-0.6900
11.070,10,-37.2300,0.8941,-0.6900
11.075,10,-37.2300,0.8941,-0.6900
11.081,10,-37.2300,0.8941,-0.6900
11.086,10,-37.2300,0.8941,-0.6900
11.092,10,-37.2300,0.8941,-0.6900
11.097,10,-37.2300,0.8941,-0.6900
11.102,10,-37.2300,0.8941,-0.6900
11.110,10,-37.2300,0.8941,-0.6900
11.115,10,-37.2300,0.8941,-0.6900
11.121,10,-37.2300,0.8941,-0.6900
11.126,10,-37.2300,0.8941,-0.6900
11.133,10,-37.2300,0.8941,-0.6900
11.138,10,-37.2300,0.8941,-0.6900
11.144,10,-37.2300,0.8941,-0.6900
11.149,10,-37.2300,0.8941,-0.6900
11.155,10,-37.2300,0.8941,-0.6900
11.160,10,-37.2300,0.8941,-0.6900
11.166,10,-37.2300,0.8941,-0.6900
11.171,10,-37.2300,0.8941,-0.6900
11.176,10,-37.2300,0.8941,-0.6900
11.181,10,-37.2300,0.8941,-0.6900
11.187,10,-37.2300,0.8941,-0.6900
11.192,10,-37.2300,0.8941,-0.6900
11.198,10,-37.2300,0.8941,-0.6900
11.203,10,-37.2300,0.8941,-0.6900
11.208,10,-37.2300,0.8941,-0.6900
11.213,10,-37.2300,0.8941,-0.6900
11.219,10,-37.2300,0.8941,-0.6900
11.224,10,-37.2300,0.8941,-0.6900
11.230,10,-37.2300,0.8941,-0.6900
11.236,10,-37.2300,0.8941,-0.6900
11.241,10,-37.2300,0.8941,-0.6900
11.247,10,-37.2300,0.8941,-0.6900
11.253,10,-37.2300,0.8941,-0.6900
11.258,10,-37.2300,0.8941,-0.6900
11.264,10,-37.2300,0.8941,-0.6900
11.269,10,-37.2300,0.8941,-0.6900
11.275,10,-37.2300,0.8941,-0.6900
11.280,10,-37.2300,0.8941,-0.6900
11.285,10,-37.2300,0.8941,-0.6900
11.291,10,-37.2300,0.8941,-0.6900
11.296,10,-37.2300,0.8941,-0.6900
11.301,10,-37.2300,0.8941,-0.6900
11.307,10,-37.2300,0.8941,-0.6900
11.312,10,-37.2300,0.8941,-0.6900
11.319,10,-37.2300,0.8941,-0.6900
11.324,10,-37.2300,0.8941,-0.6900
11.329,10,-37.2300,0.8941,-0.6900
11.334,10,-37.2300,0.8941,-0.6900
11.340,10,-37.2300,0.8941,-0.6900
11.345,10,-37.2300,0.8941,-0.6900
11.350,10,-37.2300,0.8941,-0.6900
11.356,10,-37.2300,0.8941,-0.6900
11.361,10,-37.2300,0.8941,-0.6900
11.366,10,-37.2300,0.8941,-0.6900
11.371,10,-37.2300,0.8941,-0.6900
11.377,10,-37.2300,0.8941,-0.6900
11.383,10,-37.2300,0.8941,-0.6900
11.388,10,-37.2300,0.8941,-0.6900
11.393,10,-37.2300,0.8941,-0.6900
11.398,10,-37.2300,0.8941,-0.6900
11.404,10,-37.2300,0.8941,-0.6900
11.409,10,-37.2300,0.8941,-0.6900
11.414,10,-37.2300,0.8941,-0.6900
11.419,10,-37.2300,0.8941,-0.6900
11.425,10,-37.2300,0.8941,-0.6900
11.430,10,-37.2300,0.8941,-0.6900
11.435,10,-37.2300,0.8941,-0.6900
11.441,10,-37.2300,0.8941,-0.6900
11.446,10,-37.2300,0.8941,-0.6900
11.451,10,-37.2300,0.8941,-0.6900
11.457,10,-37.2300,0.8941,-0.6900
11.463,10,-37.2300,0.8941,-0.6900
11.468,10,-37.2300,0.8941,-0.6900
11.474,10,-37.2300,0.8941,-0.6900
11.479,10,-37.2300,0.8941,-0.6900
11.484,10,-37.2300,0.8941,-0.6900
11.489,10,-37.2300,0.8941,-0.6900
11.494,10,-37.2300,0.8941,-0.6900
11.499,10,-37.2300,0.8941,-0.6900
11.504,10,-37.2300,0.8941,-0.6900
11.510,10,-37.2300,0.8941,-0.6900
11.515,10,-37.2300,0.8941,-0.6900
11.521,10,-37.2300,0.8941,-0.6900
11.526,10,-37.2300,0.8941,-0.6900
11.531,10,-37.2300,0.8941,-0.6900
11.536,10,-37.2300,0.8941,-0.6900
11.541,10,-37.2300,0.8941,-0.6900
11.546,10,-37.2300,0.8941,-0.6900
11.551,10,-37.2300,0.8941,-0.6900
11.556,10,-37.2300,0.8941,-0.6900
11.562,10,-37.2300,0.8941,-0.6900
11.567,10,-37.2300,0.8941,-0.6900
11.572,10,-37.2300,0.8941,-0.6900
11.577,10,-37.2300,0.8941,-0.6900
11.582,10,-37.2300,0.8941,-0.6900
11.587,10,-37.2300,0.8941,-0.6900
11.593,10,-37.2300,0.8941,-0.6900
11.598,10,-37.2300,0.8941,-0.6900
11.603,10,-37.2300,0.8941,-0.6900
11.609,10,-37.2300,0.8941,-0.6900
11.614,10,-37.2300,0.8941,-0.6900
11.619,10,-37.2300,0.8941,-0.6900
11.625,10,-37.2300,0.8941,-0.6900
11.630,10,-37.2300,0.8941,-0.6900
11.636,10,-37.2300,0.8941,-0.6900
11.642,10,-37.2300,0.8941,-0.6900
11.647,10,-37.2300,0.8941,-0.6900
11.653,10,-37.2300,0.8941,-0.6900
11.658,10,-37.2300,0.8941,-0.6900
11.663,10,-37.2300,0.8941,-0.6900
11.668,10,-37.2300,0.8941,-0.6900
11.674,10,-37.2300,0.8941,-0.6900
11.679,10,-37.2300,0.8941,-0.6900
11.685,10,-37.2300,0.8941,-0.6900
11.690,10,-37.2300,0.8941,-0.6900
11.696,10,-37.2300,0.8941,-0.6900
11.701,10,-37.2300,0.8941,-0.6900
11.707,10,-37.2300,0.8941,-0.6900
11.713,10,-37.2300,0.8941,-0.6900
11.719,10,-37.2300,0.8941,-0.6900
11.724,10,-37.2300,0.8941,-0.6900
11.729,10,-37.2300,0.8941,-0.6900
11.734,10,-37.2300,0.8941,-0.6900
11.740,10,-37.2300,0.8941,-0.6900
11.745,10,-37.2300,0.8941,-0.6900
11.752,10,-37.2300,0.8941,-0.6900
11.757,10,-37.2300,0.8941,-0.6900
11.763,10,-37.2300,0.8941,-0.6900
11.769,10,-37.2300,0.8941,-0.6900
11.774,10,-37.2300,0.8941,-0.6900
11.780,10,-37.2300,0.8941,-0.6900
11.785,10,-37.2300,0.8941,-0.6900
11.791,10,-37.2300,0.8941,-0.6900
11.796,10,-37.2300,0.8941,-0.6900
11.802,10,-37.2300,0.8941,-0.6900
11.807,10,-37.2300,0.8941,-0.6900
11.812,10,-37.2300,0.8941,-0.6900
11.818,10,-37.2300,0.8941,-0.6900
11.823,10,-37.2300,0.8941,-0.6900
11.829,10,-37.2300,0.8941,-0.6900
11.835,10,-37.2300,0.8941,-0.6900
11.840,10,-37.2300,0.8941,-0.6900
11.846,10,-37.2300,0.8941,-0.6900
11.851,10,-37.2300,0.8941,-0.6900
11.857,10,-37.2300,0.8941,-0.6900
11.863,10,-37.2300,0.8941,-0.6900
11.869,10,-37.2300,0.8941,-0.6900
11.874,10,-37.2300,0.8941,-0.6900
11.880,10,-37.2300,0.8941,-0.6900
11.885,10,-37.2300,0.8941,-0.6900
11.891,10,-37.2300,0.8941,-0.6900
11.897,10,-37.2300,0.8941,-0.6900
11.902,10,-37.2300,0.8941,-0.6900
11.908,10,-37.2300,0.8941,-0.6900
11.913,10,-37.2300,0.8941,-0.6900
11.918,10,-37.2300,0.8941,-0.6900
11.924,10,-37.2300,0.8941,-0.6900
11.929,10,-37.2300,0.8941,-0.6900
11.934,10,-37.2300,0.8941,-0.6900
11.940,10,-37.2300,0.8941,-0.6900
11.945,10,-37.2300,0.8941,-0.6900
11.950,10,-37.2300,0.8941,-0.6900
11.956,10,-37.2300,0.8941,-0.6900
11.962,10,-37.2300,0.8941,-0.6900
11.967,10,-37.2300,0.8941,-0.6900
11.973,10,-37.2300,0.8941,-0.6900
11.978,10,-37.2300,0.8941,-0.6900
11.983,10,-37.2300,0.8941,-0.6900
11.988,10,-37.2300,0.8941,-0.6900
11.994,10,-37.2300,0.8941,-0.6900
11.999,10,-37.2300,0.8941,-0.6900
12.004,10,-37.2300,0.8941,-0.6900
12.010,10,-37.2300,0.8941,-0.6900
12.016,10,-37.2300,0.8941,-0.6900
12.022,10,-37.2300,0.8941,-0.6900
12.027,10,-37.2300,0.8941,-0.6900
12.033,10,-37.2300,0.8941,-0.6900
12.039,10,-37.2300,0.8941,-0.6900
12.044,10,-37.2300,0.8941,-0.6900
12.049,10,-37.2300,0.8941,-0.6900
12.055,10,-37.2300,0.8941,-0.6900
12.060,10,-37.2300,0.8941,-0.6900
12.066,10,-37.2300,0.8941,-0.6900
12.071,10,-37.2300,0.8941,-0.6900
12.076,10,-37.2300,0.8941,-0.6900
12.082,10,-37.2300,0.8941,-0.6900
12.087,10,-37.2300,0.8941,-0.6900
12.093,10,-37.2300,0.8941,-0.6900
12.098,10,-37.2300,0.8941,-0.6900
